{
"type": "FeatureCollection",
"name": "stations",
"crs": { "type": "name", "properties": { "name": "urn:ogc:def:crs:OGC:1.3:CRS84" } },
"features": [
{ "type": "Feature", "properties": { "station_id": "d5996b39-b9a7-4f14-a962-a91a10205d5d", "name": "Guincho, 2750-642 Cascais, Portugal", "lat": 38.72805, "lon": -9.474618 }, "geometry": { "type": "MultiPolygon", "coordinates": [ [ [ [ -9.474445274426836, 38.72805 ], [ -9.474458422378213, 38.728101565320571 ], [ -9.474495864575932, 38.728145280288516 ], [ -9.474551900784805, 38.728174489696258 ], [ -9.474618, 38.728184746676249 ], [ -9.474684099215194, 38.728174489696258 ], [ -9.474740135424067, 38.728145280288516 ], [ -9.474777577621786, 38.728101565320571 ], [ -9.474790725573163, 38.72805 ], [ -9.474777577621786, 38.727998434679435 ], [ -9.474740135424067, 38.727954719711491 ], [ -9.474684099215194, 38.727925510303749 ], [ -9.474618, 38.727915253323758 ], [ -9.474551900784805, 38.727925510303749 ], [ -9.474495864575932, 38.727954719711491 ], [ -9.474458422378213, 38.727998434679435 ], [ -9.474445274426836, 38.72805 ] ] ] ] } },
{ "type": "Feature", "properties": { "station_id": "b3acc50a-fbb8-4676-bf83-109069095384", "name": "Alameda Duquesa de Palmela 261, 2750-335 Cascais, Portugal", "lat": 38.700678833333335, "lon": -9.417182 }, "geometry": { "type": "MultiPolygon", "coordinates": [ [ [ [ -9.417135957481142, 38.700678833333335 ], [ -9.417139462259202, 38.700692584085488 ], [ -9.417149443022693, 38.700704241410271 ], [ -9.417164380290849, 38.70071203058567 ], [ -9.417182, 38.700714765780333 ], [ -9.417199619709152, 38.70071203058567 ], [ -9.417214556977308, 38.700704241410271 ], [ -9.417224537740799, 38.700692584085488 ], [ -9.417228042518859, 38.700678833333335 ], [ -9.417224537740799, 38.700665082581182 ], [ -9.417214556977308, 38.700653425256398 ], [ -9.417199619709152, 38.700645636080999 ], [ -9.417182, 38.700642900886336 ], [ -9.417164380290849, 38.700645636080999 ], [ -9.417149443022693, 38.700653425256398 ], [ -9.417139462259202, 38.700665082581182 ], [ -9.417135957481142, 38.700678833333335 ] ] ] ] } },
{ "type": "Feature", "properties": { "station_id": "5ebf394c-cc7a-458d-8c3f-affc996b58f2", "name": "Av. Rei Humberto II de Itália 2750, 2750-642 Cascais, Portugal", "lat": 38.693656096192171, "lon": -9.420821404632381 }, "geometry": { "type": "MultiPolygon", "coordinates": [ [ [ [ -9.420893, 38.6937404 ], [ -9.4208012, 38.6935567 ], [ -9.4207489, 38.6935739 ], [ -9.4208448, 38.6937576 ], [ -9.420893, 38.6937404 ] ] ] ] } },
{ "type": "Feature", "properties": { "station_id": "ff28a1e1-263f-4658-8661-8db5e6d9dc1f", "name": "R. Dr. Manuel de Arriaga 74, 2775 Carcavelos, Portugal", "lat": 38.687604740776528, "lon": -9.3378990583244459 }, "geometry": { "type": "MultiPolygon", "coordinates": [ [ [ [ -9.3380772, 38.6876522 ], [ -9.3380906, 38.6875988 ], [ -9.3377205, 38.6875569 ], [ -9.3377097, 38.6876114 ], [ -9.3380772, 38.6876522 ] ] ] ] } },
{ "type": "Feature", "properties": { "station_id": "8481fa5a-5414-4629-94fc-57a92c4c6137", "name": "R. Calçadas 341B, 2755-275 Alcabideche, Portugal", "lat": 38.715080220059093, "lon": -9.4162406454713548 }, "geometry": { "type": "MultiPolygon", "coordinates": [ [ [ [ -9.416194593677337, 38.715080220059093 ], [ -9.416198099161427, 38.715093970811246 ], [ -9.416208081935519, 38.71510562813603 ], [ -9.416223022212753, 38.715113417311429 ], [ -9.416240645471355, 38.715116152506091 ], [ -9.416258268729957, 38.715113417311429 ], [ -9.416273209007191, 38.71510562813603 ], [ -9.416283191781282, 38.715093970811246 ], [ -9.416286697265372, 38.715080220059093 ], [ -9.416283191781282, 38.71506646930694 ], [ -9.416273209007191, 38.715054811982156 ], [ -9.416258268729957, 38.715047022806758 ], [ -9.416240645471355, 38.715044287612095 ], [ -9.416223022212753, 38.715047022806758 ], [ -9.416208081935519, 38.715054811982156 ], [ -9.416198099161427, 38.71506646930694 ], [ -9.416194593677337, 38.715080220059093 ] ] ] ] } },
{ "type": "Feature", "properties": { "station_id": "5dd499d6-7cb5-4c8e-a302-d26174991979", "name": "R. 1º de Maio 408, 2785-261 São Domingos de Rana, Portugal", "lat": 38.717635447038383, "lon": -9.3412250038712994 }, "geometry": { "type": "MultiPolygon", "coordinates": [ [ [ [ -9.341178950430905, 38.717635447038383 ], [ -9.341182456040316, 38.717649197790536 ], [ -9.3411924391713, 38.717660855115319 ], [ -9.341207379982658, 38.717668644290718 ], [ -9.341225003871299, 38.717671379485381 ], [ -9.341242627759941, 38.717668644290718 ], [ -9.341257568571299, 38.717660855115319 ], [ -9.341267551702282, 38.717649197790536 ], [ -9.341271057311694, 38.717635447038383 ], [ -9.341267551702282, 38.71762169628623 ], [ -9.341257568571299, 38.717610038961446 ], [ -9.341242627759941, 38.717602249786047 ], [ -9.341225003871299, 38.717599514591384 ], [ -9.341207379982658, 38.717602249786047 ], [ -9.3411924391713, 38.717610038961446 ], [ -9.341182456040316, 38.71762169628623 ], [ -9.341178950430905, 38.717635447038383 ] ] ] ] } },
{ "type": "Feature", "properties": { "station_id": "9263954f-bd1d-480a-9ac2-8deb1243e47f", "name": "R. Brito Camacho 135, 2765-309 Estoril, Portugal", "lat": 38.701784173748564, "lon": -9.3842418466834445 }, "geometry": { "type": "MultiPolygon", "coordinates": [ [ [ [ -9.384195803452931, 38.701784173748564 ], [ -9.384199308285162, 38.701797924500717 ], [ -9.384209289202921, 38.701809581825501 ], [ -9.384224226701955, 38.701817371000899 ], [ -9.384241846683445, 38.701820106195562 ], [ -9.384259466664934, 38.701817371000899 ], [ -9.384274404163968, 38.701809581825501 ], [ -9.384284385081727, 38.701797924500717 ], [ -9.384287889913958, 38.701784173748564 ], [ -9.384284385081727, 38.701770422996411 ], [ -9.384274404163968, 38.701758765671627 ], [ -9.384259466664934, 38.701750976496228 ], [ -9.384241846683445, 38.701748241301566 ], [ -9.384224226701955, 38.701750976496228 ], [ -9.384209289202921, 38.701758765671627 ], [ -9.384199308285162, 38.701770422996411 ], [ -9.384195803452931, 38.701784173748564 ] ] ] ] } },
{ "type": "Feature", "properties": { "station_id": "43f9bc23-d056-4432-84e1-6a2e94d6410f", "name": "Alapraia Escola, 2765 Estoril, Portugal", "lat": 38.709309495537852, "lon": -9.373769715720325 }, "geometry": { "type": "MultiPolygon", "coordinates": [ [ [ [ -9.37372366764372, 38.709309495537852 ], [ -9.373727172844838, 38.709323246290005 ], [ -9.373737154813098, 38.709334903614788 ], [ -9.373752093884317, 38.709342692790187 ], [ -9.373769715720325, 38.70934542798485 ], [ -9.373787337556333, 38.709342692790187 ], [ -9.373802276627552, 38.709334903614788 ], [ -9.373812258595812, 38.709323246290005 ], [ -9.37381576379693, 38.709309495537852 ], [ -9.373812258595812, 38.709295744785699 ], [ -9.373802276627552, 38.709284087460915 ], [ -9.373787337556333, 38.709276298285516 ], [ -9.373769715720325, 38.709273563090854 ], [ -9.373752093884317, 38.709276298285516 ], [ -9.373737154813098, 38.709284087460915 ], [ -9.373727172844838, 38.709295744785699 ], [ -9.37372366764372, 38.709309495537852 ] ] ] ] } },
{ "type": "Feature", "properties": { "station_id": "1485868d-9f41-4d93-88d3-55b2ae3e2ef4", "name": "R. do Espargal 52a, 2645 Alcabideche, Portugal", "lat": 38.732716013615637, "lon": -9.3973132677828026 }, "geometry": { "type": "MultiPolygon", "coordinates": [ [ [ [ -9.397267204621464, 38.732716013615637 ], [ -9.397270710970838, 38.732729764367789 ], [ -9.397280696209057, 38.732741421692573 ], [ -9.397295640174116, 38.732749210867972 ], [ -9.397313267782803, 38.732751946062635 ], [ -9.397330895391489, 38.732749210867972 ], [ -9.397345839356548, 38.732741421692573 ], [ -9.397355824594767, 38.732729764367789 ], [ -9.397359330944141, 38.732716013615637 ], [ -9.397355824594767, 38.732702262863484 ], [ -9.397345839356548, 38.7326906055387 ], [ -9.397330895391489, 38.732682816363301 ], [ -9.397313267782803, 38.732680081168638 ], [ -9.397295640174116, 38.732682816363301 ], [ -9.397280696209057, 38.7326906055387 ], [ -9.397270710970838, 38.732702262863484 ], [ -9.397267204621464, 38.732716013615637 ] ] ] ] } },
{ "type": "Feature", "properties": { "station_id": "251b01a3-c95c-42b6-9d3a-c6fc442a095f", "name": "R. Margaceira 152A, 2645 Alcabideche, Portugal", "lat": 38.73892, "lon": -9.397326 }, "geometry": { "type": "MultiPolygon", "coordinates": [ [ [ [ -9.397268416046812, 38.73892 ], [ -9.397272799364249, 38.73893718844019 ], [ -9.397285281996213, 38.738951760096171 ], [ -9.397303963575144, 38.738961496565416 ], [ -9.397326, 38.738964915558746 ], [ -9.397348036424855, 38.738961496565416 ], [ -9.397366718003786, 38.738951760096171 ], [ -9.397379200635751, 38.73893718844019 ], [ -9.397383583953188, 38.73892 ], [ -9.397379200635751, 38.738902811559811 ], [ -9.397366718003786, 38.738888239903829 ], [ -9.397348036424855, 38.738878503434584 ], [ -9.397326, 38.738875084441254 ], [ -9.397303963575144, 38.738878503434584 ], [ -9.397285281996213, 38.738888239903829 ], [ -9.397272799364249, 38.738902811559811 ], [ -9.397268416046812, 38.73892 ] ] ] ] } },
{ "type": "Feature", "properties": { "station_id": "64ff8ea2-9dc4-4c8d-a19c-90dfd3c2afc1", "name": "Largo Lavadouro 674, 2645-487 Alcabideche, Portugal", "lat": 38.73575, "lon": -9.366172 }, "geometry": { "type": "MultiPolygon", "coordinates": [ [ [ [ -9.366114418602589, 38.73575 ], [ -9.366118801725479, 38.735767188440192 ], [ -9.366131283803421, 38.735781760096174 ], [ -9.366149964553198, 38.735791496565419 ], [ -9.366172, 38.735794915558749 ], [ -9.366194035446803, 38.735791496565419 ], [ -9.36621271619658, 38.735781760096174 ], [ -9.366225198274522, 38.735767188440192 ], [ -9.366229581397413, 38.73575 ], [ -9.366225198274522, 38.735732811559814 ], [ -9.36621271619658, 38.735718239903832 ], [ -9.366194035446803, 38.735708503434587 ], [ -9.366172, 38.735705084441257 ], [ -9.366149964553198, 38.735708503434587 ], [ -9.366131283803421, 38.735718239903832 ], [ -9.366118801725479, 38.735732811559814 ], [ -9.366114418602589, 38.73575 ] ] ] ] } },
{ "type": "Feature", "properties": { "station_id": "50cef540-5901-45fb-9d84-62b440aff494", "name": "Av. Francisca Lindoso 128, 2785-452 São Domingos de Rana, Portugal", "lat": 38.70475, "lon": -9.355444 }, "geometry": { "type": "MultiPolygon", "coordinates": [ [ [ [ -9.355386443574744, 38.70475 ], [ -9.355390824796741, 38.704767188440186 ], [ -9.355403301461401, 38.704781760096168 ], [ -9.355421974109628, 38.704791496565413 ], [ -9.355444, 38.704794915558743 ], [ -9.355466025890372, 38.704791496565413 ], [ -9.3554846985386, 38.704781760096168 ], [ -9.35549717520326, 38.704767188440186 ], [ -9.355501556425256, 38.70475 ], [ -9.35549717520326, 38.704732811559808 ], [ -9.3554846985386, 38.704718239903826 ], [ -9.355466025890372, 38.704708503434581 ], [ -9.355444, 38.704705084441251 ], [ -9.355421974109628, 38.704708503434581 ], [ -9.355403301461401, 38.704718239903826 ], [ -9.355390824796741, 38.704732811559808 ], [ -9.355386443574744, 38.70475 ] ] ] ] } },
{ "type": "Feature", "properties": { "station_id": "87b213bb-7f13-4227-b82e-90bcda4dd95d", "name": "Praceta Eugénio Salvador 10, 2775-116 Parede, Portugal", "lat": 38.703664, "lon": -9.362403 }, "geometry": { "type": "MultiPolygon", "coordinates": [ [ [ [ -9.362356955559102, 38.703664 ], [ -9.362360460483469, 38.703677750752156 ], [ -9.362370441663606, 38.70368940807694 ], [ -9.362385379555317, 38.703697197252339 ], [ -9.362403, 38.703699932447002 ], [ -9.362420620444684, 38.703697197252339 ], [ -9.362435558336395, 38.70368940807694 ], [ -9.362445539516532, 38.703677750752156 ], [ -9.362449044440899, 38.703664 ], [ -9.362445539516532, 38.70365024924785 ], [ -9.362435558336395, 38.703638591923067 ], [ -9.362420620444684, 38.703630802747668 ], [ -9.362403, 38.703628067553005 ], [ -9.362385379555317, 38.703630802747668 ], [ -9.362370441663606, 38.703638591923067 ], [ -9.362360460483469, 38.70365024924785 ], [ -9.362356955559102, 38.703664 ] ] ] ] } },
{ "type": "Feature", "properties": { "station_id": "9490ede5-727b-4ee4-a812-3633dd53378a", "name": "R. São Bernardo 202, 2755-078 Alcabideche, Portugal", "lat": 38.7154808, "lon": -9.4272766166666671 }, "geometry": { "type": "MultiPolygon", "coordinates": [ [ [ [ -9.427230564614563, 38.7154808 ], [ -9.427234070118297, 38.715494550752155 ], [ -9.427244052948337, 38.715506208076938 ], [ -9.4272589933093, 38.715513997252337 ], [ -9.427276616666667, 38.715516732447 ], [ -9.427294240024034, 38.715513997252337 ], [ -9.427309180384997, 38.715506208076938 ], [ -9.427319163215037, 38.715494550752155 ], [ -9.427322668718771, 38.7154808 ], [ -9.427319163215037, 38.715467049247849 ], [ -9.427309180384997, 38.715455391923065 ], [ -9.427294240024034, 38.715447602747666 ], [ -9.427276616666667, 38.715444867553003 ], [ -9.4272589933093, 38.715447602747666 ], [ -9.427244052948337, 38.715455391923065 ], [ -9.427234070118297, 38.715467049247849 ], [ -9.427230564614563, 38.7154808 ] ] ] ] } },
{ "type": "Feature", "properties": { "station_id": "c9121964-00e0-4c82-a1ff-48c3bcdd1e8c", "name": "Parque do Campismo, 2750-642 Cascais, Portugal", "lat": 38.72175, "lon": -9.465972 }, "geometry": { "type": "MultiPolygon", "coordinates": [ [ [ [ -9.465925943908086, 38.72175 ], [ -9.465929449719333, 38.721763750752153 ], [ -9.465939433425094, 38.721775408076937 ], [ -9.465954375096665, 38.721783197252336 ], [ -9.465972, 38.721785932446998 ], [ -9.465989624903337, 38.721783197252336 ], [ -9.466004566574908, 38.721775408076937 ], [ -9.466014550280669, 38.721763750752153 ], [ -9.466018056091915, 38.72175 ], [ -9.466014550280669, 38.721736249247847 ], [ -9.466004566574908, 38.721724591923063 ], [ -9.465989624903337, 38.721716802747665 ], [ -9.465972, 38.721714067553002 ], [ -9.465954375096665, 38.721716802747665 ], [ -9.465939433425094, 38.721724591923063 ], [ -9.465929449719333, 38.721736249247847 ], [ -9.465925943908086, 38.72175 ] ] ] ] } },
{ "type": "Feature", "properties": { "station_id": "dc402714-d043-4dd8-b1ec-082d8893e267", "name": "MMHC+28 Carcavelos, Portugal", "lat": 38.677624783737706, "lon": -9.3291387172642857 }, "geometry": { "type": "MultiPolygon", "coordinates": [ [ [ [ -9.329092689579472, 38.677624783737706 ], [ -9.329096193228358, 38.677638534489859 ], [ -9.329106170776232, 38.677650191814642 ], [ -9.329121103231877, 38.677657980990041 ], [ -9.329138717264286, 38.677660716184704 ], [ -9.329156331296694, 38.677657980990041 ], [ -9.32917126375234, 38.677650191814642 ], [ -9.329181241300214, 38.677638534489859 ], [ -9.329184744949099, 38.677624783737706 ], [ -9.329181241300214, 38.677611032985553 ], [ -9.32917126375234, 38.677599375660769 ], [ -9.329156331296694, 38.67759158648537 ], [ -9.329138717264286, 38.677588851290707 ], [ -9.329121103231877, 38.67759158648537 ], [ -9.329106170776232, 38.677599375660769 ], [ -9.329096193228358, 38.677611032985553 ], [ -9.329092689579472, 38.677624783737706 ] ] ] ] } },
{ "type": "Feature", "properties": { "station_id": "4cbb04f2-aef9-4e06-a087-4cf6a6ae247f", "name": "Av. Condes de Barcelona 808 2765, 2765-273 Estoril, Portugal", "lat": 38.716310199824633, "lon": -9.3917713611216822 }, "geometry": { "type": "MultiPolygon", "coordinates": [ [ [ [ -9.391725308535193, 38.716310199824633 ], [ -9.391728814079606, 38.716323950576786 ], [ -9.391738797025484, 38.71633560790157 ], [ -9.391753737559815, 38.716343397076969 ], [ -9.391771361121682, 38.716346132271632 ], [ -9.391788984683549, 38.716343397076969 ], [ -9.39180392521788, 38.71633560790157 ], [ -9.391813908163758, 38.716323950576786 ], [ -9.391817413708171, 38.716310199824633 ], [ -9.391813908163758, 38.71629644907248 ], [ -9.39180392521788, 38.716284791747697 ], [ -9.391788984683549, 38.716277002572298 ], [ -9.391771361121682, 38.716274267377635 ], [ -9.391753737559815, 38.716277002572298 ], [ -9.391738797025484, 38.716284791747697 ], [ -9.391728814079606, 38.71629644907248 ], [ -9.391725308535193, 38.716310199824633 ] ] ] ] } },
{ "type": "Feature", "properties": { "station_id": "45010003-812f-4c1f-82cf-04fc40f6107f", "name": "Av República (Golf), 2765-273 Estoril, Portugal", "lat": 38.718412424798458, "lon": -9.3940332349583588 }, "geometry": { "type": "MultiPolygon", "coordinates": [ [ [ [ -9.393987181017302, 38.718412424798458 ], [ -9.393990686664825, 38.718426175550611 ], [ -9.394000669904337, 38.718437832875395 ], [ -9.394015610878121, 38.718445622050794 ], [ -9.394033234958359, 38.718448357245457 ], [ -9.394050859038597, 38.718445622050794 ], [ -9.394065800012381, 38.718437832875395 ], [ -9.394075783251893, 38.718426175550611 ], [ -9.394079288899416, 38.718412424798458 ], [ -9.394075783251893, 38.718398674046306 ], [ -9.394065800012381, 38.718387016721522 ], [ -9.394050859038597, 38.718379227546123 ], [ -9.394033234958359, 38.71837649235146 ], [ -9.394015610878121, 38.718379227546123 ], [ -9.394000669904337, 38.718387016721522 ], [ -9.393990686664825, 38.718398674046306 ], [ -9.393987181017302, 38.718412424798458 ] ] ] ] } },
{ "type": "Feature", "properties": { "station_id": "6228298e-7dba-4dde-95b5-5f9006158ae2", "name": "Av. de Sintra 363, 2750-786 Cascais, Portugal", "lat": 38.704428, "lon": -9.417844 }, "geometry": { "type": "MultiPolygon", "coordinates": [ [ [ [ -9.417797955067146, 38.704428 ], [ -9.41780146002896, 38.704441750752153 ], [ -9.41781144131574, 38.704453408076937 ], [ -9.417826379367053, 38.704461197252336 ], [ -9.417844, 38.704463932446998 ], [ -9.417861620632948, 38.704461197252336 ], [ -9.417876558684261, 38.704453408076937 ], [ -9.417886539971041, 38.704441750752153 ], [ -9.417890044932856, 38.704428 ], [ -9.417886539971041, 38.704414249247847 ], [ -9.417876558684261, 38.704402591923063 ], [ -9.417861620632948, 38.704394802747665 ], [ -9.417844, 38.704392067553002 ], [ -9.417826379367053, 38.704394802747665 ], [ -9.41781144131574, 38.704402591923063 ], [ -9.41780146002896, 38.704414249247847 ], [ -9.417797955067146, 38.704428 ] ] ] ] } },
{ "type": "Feature", "properties": { "station_id": "aec440cb-d828-467a-a774-66d93a85e94d", "name": "R. Melo e Sousa 395, 2765-191 Estoril, Portugal", "lat": 38.707278, "lon": -9.399083 }, "geometry": { "type": "MultiPolygon", "coordinates": [ [ [ [ -9.399002418155646, 38.707278 ], [ -9.399008552083309, 38.707302063816265 ], [ -9.399026020031418, 38.707322464134641 ], [ -9.399052162663216, 38.707336095191593 ], [ -9.399083, 38.707340881782251 ], [ -9.399113837336783, 38.707336095191593 ], [ -9.399139979968581, 38.707322464134641 ], [ -9.399157447916689, 38.707302063816265 ], [ -9.399163581844352, 38.707278 ], [ -9.399157447916689, 38.70725393618374 ], [ -9.399139979968581, 38.707233535865363 ], [ -9.399113837336783, 38.707219904808412 ], [ -9.399083, 38.707215118217754 ], [ -9.399052162663216, 38.707219904808412 ], [ -9.399026020031418, 38.707233535865363 ], [ -9.399008552083309, 38.70725393618374 ], [ -9.399002418155646, 38.707278 ] ] ] ] } },
{ "type": "Feature", "properties": { "station_id": "4a73f765-0194-444e-a771-0cc097144a6e", "name": "R. Inglaterra 233, 2775-399 Carcavelos, Portugal", "lat": 38.682098760007115, "lon": -9.3297025011187227 }, "geometry": { "type": "MultiPolygon", "coordinates": [ [ [ [ -9.329656470556476, 38.682098760007115 ], [ -9.329659974424393, 38.682112510759268 ], [ -9.329669952596015, 38.682124168084052 ], [ -9.329684885985168, 38.68213195725945 ], [ -9.329702501118723, 38.682134692454113 ], [ -9.329720116252277, 38.68213195725945 ], [ -9.32973504964143, 38.682124168084052 ], [ -9.329745027813052, 38.682112510759268 ], [ -9.32974853168097, 38.682098760007115 ], [ -9.329745027813052, 38.682085009254962 ], [ -9.32973504964143, 38.682073351930178 ], [ -9.329720116252277, 38.682065562754779 ], [ -9.329702501118723, 38.682062827560117 ], [ -9.329684885985168, 38.682065562754779 ], [ -9.329669952596015, 38.682073351930178 ], [ -9.329659974424393, 38.682085009254962 ], [ -9.329656470556476, 38.682098760007115 ] ] ] ] } },
{ "type": "Feature", "properties": { "station_id": "18d731e6-6f28-4001-8e41-ffb0d5f86566", "name": "Estr. 5 de Junho 1, 2785-155 São Domingos de Rana, Portugal", "lat": 38.745434, "lon": -9.32835 }, "geometry": { "type": "MultiPolygon", "coordinates": [ [ [ [ -9.32829241079371, 38.745434 ], [ -9.328296794511015, 38.745451188440192 ], [ -9.32830927828171, 38.745465760096174 ], [ -9.32832796156487, 38.745475496565419 ], [ -9.32835, 38.745478915558749 ], [ -9.328372038435131, 38.745475496565419 ], [ -9.328390721718291, 38.745465760096174 ], [ -9.328403205488986, 38.745451188440192 ], [ -9.328407589206291, 38.745434 ], [ -9.328403205488986, 38.745416811559814 ], [ -9.328390721718291, 38.745402239903832 ], [ -9.328372038435131, 38.745392503434587 ], [ -9.32835, 38.745389084441257 ], [ -9.32832796156487, 38.745392503434587 ], [ -9.32830927828171, 38.745402239903832 ], [ -9.328296794511015, 38.745416811559814 ], [ -9.32829241079371, 38.745434 ] ] ] ] } },
{ "type": "Feature", "properties": { "station_id": "4b2b1354-700b-4639-8657-e8cfb08f80ca", "name": "Estrada de Talaíde, largo da igreja, Talaíde, 2785-733 São Domingos de Rana, Portugal", "lat": 38.737403, "lon": -9.312675 }, "geometry": { "type": "MultiPolygon", "coordinates": [ [ [ [ -9.312617417269927, 38.737403 ], [ -9.312621800494259, 38.73742018844019 ], [ -9.312634282861087, 38.737434760096171 ], [ -9.312652964043211, 38.737444496565416 ], [ -9.312675, 38.737447915558747 ], [ -9.31269703595679, 38.737444496565416 ], [ -9.312715717138914, 38.737434760096171 ], [ -9.312728199505742, 38.73742018844019 ], [ -9.312732582730074, 38.737403 ], [ -9.312728199505742, 38.737385811559811 ], [ -9.312715717138914, 38.73737123990383 ], [ -9.31269703595679, 38.737361503434585 ], [ -9.312675, 38.737358084441254 ], [ -9.312652964043211, 38.737361503434585 ], [ -9.312634282861087, 38.73737123990383 ], [ -9.312621800494259, 38.737385811559811 ], [ -9.312617417269927, 38.737403 ] ] ] ] } },
{ "type": "Feature", "properties": { "station_id": "904cbe05-1d45-4d72-81c1-275eef2c1f6e", "name": "R. Carlos António Conceição Almeida 391, 2785-652 São Domingos de Rana, Portugal", "lat": 38.738283, "lon": -9.339525 }, "geometry": { "type": "MultiPolygon", "coordinates": [ [ [ [ -9.339467416560419, 38.738283 ], [ -9.33947179983876, 38.738300188440192 ], [ -9.339484282359388, 38.738314760096173 ], [ -9.339502963771693, 38.738324496565419 ], [ -9.339525, 38.738327915558749 ], [ -9.339547036228307, 38.738324496565419 ], [ -9.339565717640612, 38.738314760096173 ], [ -9.33957820016124, 38.738300188440192 ], [ -9.339582583439581, 38.738283 ], [ -9.33957820016124, 38.738265811559813 ], [ -9.339565717640612, 38.738251239903832 ], [ -9.339547036228307, 38.738241503434587 ], [ -9.339525, 38.738238084441257 ], [ -9.339502963771693, 38.738241503434587 ], [ -9.339484282359388, 38.738251239903832 ], [ -9.33947179983876, 38.738265811559813 ], [ -9.339467416560419, 38.738283 ] ] ] ] } },
{ "type": "Feature", "properties": { "station_id": "71cbc2a1-7a6a-43fb-9158-fb1311a92c9c", "name": "R. Paulo Freire 41A, 2750 Aldeia de Juzo, Portugal", "lat": 38.728581, "lon": -9.449018 }, "geometry": { "type": "MultiPolygon", "coordinates": [ [ [ [ -9.448960424381026, 38.728581 ], [ -9.448964807064058, 38.728598188440188 ], [ -9.448977287889393, 38.728612760096169 ], [ -9.44899596676451, 38.728622496565414 ], [ -9.449018, 38.728625915558744 ], [ -9.449040033235491, 38.728622496565414 ], [ -9.449058712110608, 38.728612760096169 ], [ -9.449071192935943, 38.728598188440188 ], [ -9.449075575618975, 38.728581 ], [ -9.449071192935943, 38.728563811559809 ], [ -9.449058712110608, 38.728549239903828 ], [ -9.449040033235491, 38.728539503434583 ], [ -9.449018, 38.728536084441252 ], [ -9.44899596676451, 38.728539503434583 ], [ -9.448977287889393, 38.728549239903828 ], [ -9.448964807064058, 38.728563811559809 ], [ -9.448960424381026, 38.728581 ] ] ] ] } },
{ "type": "Feature", "properties": { "station_id": "7e8c0e38-aefd-48f5-96e2-a2cc04990f22", "name": "Alto do Cobre - Tanques, 2750 Cascais, Portugal", "lat": 38.715423, "lon": -9.435203 }, "geometry": { "type": "MultiPolygon", "coordinates": [ [ [ [ -9.43514543498142, 38.715423 ], [ -9.435149816857546, 38.715440188440191 ], [ -9.435162295385004, 38.715454760096172 ], [ -9.435180970821106, 38.715464496565417 ], [ -9.435203, 38.715467915558747 ], [ -9.435225029178893, 38.715464496565417 ], [ -9.435243704614996, 38.715454760096172 ], [ -9.435256183142453, 38.715440188440191 ], [ -9.435260565018579, 38.715423 ], [ -9.435256183142453, 38.715405811559812 ], [ -9.435243704614996, 38.71539123990383 ], [ -9.435225029178893, 38.715381503434585 ], [ -9.435203, 38.715378084441255 ], [ -9.435180970821106, 38.715381503434585 ], [ -9.435162295385004, 38.71539123990383 ], [ -9.435149816857546, 38.715405811559812 ], [ -9.43514543498142, 38.715423 ] ] ] ] } },
{ "type": "Feature", "properties": { "station_id": "8e99e3e5-12c8-4d6a-882e-56d1282efbe3", "name": "R. Roque Gameiro 193A, 2750-024 Aldeia de Juzo, Portugal", "lat": 38.727021, "lon": -9.44761 }, "geometry": { "type": "MultiPolygon", "coordinates": [ [ [ [ -9.447552425638159, 38.727021 ], [ -9.447556808225498, 38.72703818844019 ], [ -9.44756928877832, 38.727052760096171 ], [ -9.447587967245594, 38.727062496565416 ], [ -9.44761, 38.727065915558747 ], [ -9.447632032754404, 38.727062496565416 ], [ -9.447650711221678, 38.727052760096171 ], [ -9.447663191774501, 38.72703818844019 ], [ -9.447667574361839, 38.727021 ], [ -9.447663191774501, 38.727003811559811 ], [ -9.447650711221678, 38.72698923990383 ], [ -9.447632032754404, 38.726979503434585 ], [ -9.44761, 38.726976084441254 ], [ -9.447587967245594, 38.726979503434585 ], [ -9.44756928877832, 38.72698923990383 ], [ -9.447556808225498, 38.727003811559811 ], [ -9.447552425638159, 38.727021 ] ] ] ] } },
{ "type": "Feature", "properties": { "station_id": "9a4d9982-d624-42be-9e97-d27f4e19ad3d", "name": "R. Luís de Camões 110a, 2755 Alcabideche, Portugal", "lat": 38.731389, "lon": -9.440972 }, "geometry": { "type": "MultiPolygon", "coordinates": [ [ [ [ -9.440914422117936, 38.731389 ], [ -9.440918804973236, 38.731406188440189 ], [ -9.440931286289146, 38.731420760096171 ], [ -9.440949965898463, 38.731430496565416 ], [ -9.440972, 38.731433915558746 ], [ -9.440994034101537, 38.731430496565416 ], [ -9.441012713710855, 38.731420760096171 ], [ -9.441025195026764, 38.731406188440189 ], [ -9.441029577882064, 38.731389 ], [ -9.441025195026764, 38.731371811559811 ], [ -9.441012713710855, 38.731357239903829 ], [ -9.440994034101537, 38.731347503434584 ], [ -9.440972, 38.731344084441254 ], [ -9.440949965898463, 38.731347503434584 ], [ -9.440931286289146, 38.731357239903829 ], [ -9.440918804973236, 38.731371811559811 ], [ -9.440914422117936, 38.731389 ] ] ] ] } },
{ "type": "Feature", "properties": { "station_id": "b334d375-8543-4e6f-b949-86cf936264f9", "name": "Rua dos Eucaliptos 1324, 2750-687 Cascais, Portugal", "lat": 38.705546660602458, "lon": -9.4451644763770464 }, "geometry": { "type": "MultiPolygon", "coordinates": [ [ [ [ -9.445118430723825, 38.705546660602458 ], [ -9.445121935740474, 38.705560411354611 ], [ -9.44513191718341, 38.705572068679395 ], [ -9.445146855468426, 38.705579857854794 ], [ -9.445164476377046, 38.705582593049456 ], [ -9.445182097285667, 38.705579857854794 ], [ -9.445197035570683, 38.705572068679395 ], [ -9.445207017013619, 38.705560411354611 ], [ -9.445210522030267, 38.705546660602458 ], [ -9.445207017013619, 38.705532909850305 ], [ -9.445197035570683, 38.705521252525521 ], [ -9.445182097285667, 38.705513463350123 ], [ -9.445164476377046, 38.70551072815546 ], [ -9.445146855468426, 38.705513463350123 ], [ -9.44513191718341, 38.705521252525521 ], [ -9.445121935740474, 38.705532909850305 ], [ -9.445118430723825, 38.705546660602458 ] ] ] ] } },
{ "type": "Feature", "properties": { "station_id": "f6f79cd1-29cb-44d9-90b1-5c0421d8b99e", "name": "Centro de Reabilitação de Alcoitão, 2645-019 Alcabideche, Portugal", "lat": 38.732025750471472, "lon": -9.400345338518326 }, "geometry": { "type": "MultiPolygon", "coordinates": [ [ [ [ -9.400299275802091, 38.732025750471472 ], [ -9.400302782117585, 38.732039501223625 ], [ -9.400312767259317, 38.732051158548408 ], [ -9.400327711079973, 38.732058947723807 ], [ -9.400345338518326, 38.73206168291847 ], [ -9.400362965956679, 38.732058947723807 ], [ -9.400377909777335, 38.732051158548408 ], [ -9.400387894919067, 38.732039501223625 ], [ -9.400391401234561, 38.732025750471472 ], [ -9.400387894919067, 38.732011999719319 ], [ -9.400377909777335, 38.732000342394535 ], [ -9.400362965956679, 38.731992553219136 ], [ -9.400345338518326, 38.731989818024473 ], [ -9.400327711079973, 38.731992553219136 ], [ -9.400312767259317, 38.732000342394535 ], [ -9.400302782117585, 38.732011999719319 ], [ -9.400299275802091, 38.732025750471472 ] ] ] ] } },
{ "type": "Feature", "properties": { "station_id": "7eacc497-bf5f-4a93-95b1-09dd685843c3", "name": "R. de Cascais 1119A, 2755-145 Alcabideche, Portugal", "lat": 38.753109860046472, "lon": -9.4491908821172252 }, "geometry": { "type": "MultiPolygon", "coordinates": [ [ [ [ -9.449133286718684, 38.753109860046472 ], [ -9.449137670907346, 38.753127048486661 ], [ -9.449150156020352, 38.753141620142642 ], [ -9.449168841312423, 38.753151356611887 ], [ -9.449190882117225, 38.753154775605218 ], [ -9.449212922922028, 38.753151356611887 ], [ -9.449231608214099, 38.753141620142642 ], [ -9.449244093327104, 38.753127048486661 ], [ -9.449248477515766, 38.753109860046472 ], [ -9.449244093327104, 38.753092671606282 ], [ -9.449231608214099, 38.753078099950301 ], [ -9.449212922922028, 38.753068363481056 ], [ -9.449190882117225, 38.753064944487726 ], [ -9.449168841312423, 38.753068363481056 ], [ -9.449150156020352, 38.753078099950301 ], [ -9.449137670907346, 38.753092671606282 ], [ -9.449133286718684, 38.753109860046472 ] ] ] ] } },
{ "type": "Feature", "properties": { "station_id": "1649d94d-aea1-4836-96ca-41b613fe496a", "name": "Praceta João Manuel Cordeiro Pereira 297, 2750-642 Cascais, Portugal", "lat": 38.701711, "lon": -9.420928 }, "geometry": { "type": "MultiPolygon", "coordinates": [ [ [ [ -9.420870446020748, 38.701711 ], [ -9.420874827056554, 38.701728188440192 ], [ -9.420887303190987, 38.701742760096174 ], [ -9.420905975045674, 38.701752496565419 ], [ -9.420928, 38.701755915558749 ], [ -9.420950024954326, 38.701752496565419 ], [ -9.420968696809012, 38.701742760096174 ], [ -9.420981172943446, 38.701728188440192 ], [ -9.420985553979252, 38.701711 ], [ -9.420981172943446, 38.701693811559814 ], [ -9.420968696809012, 38.701679239903832 ], [ -9.420950024954326, 38.701669503434587 ], [ -9.420928, 38.701666084441257 ], [ -9.420905975045674, 38.701669503434587 ], [ -9.420887303190987, 38.701679239903832 ], [ -9.420874827056554, 38.701693811559814 ], [ -9.420870446020748, 38.701711 ] ] ] ] } },
{ "type": "Feature", "properties": { "station_id": "bc3d0f84-9dbf-4cdf-848a-d0340a09568a", "name": "Sao Pedro do Estoril, 2765-609 Estoril, Portugal", "lat": 38.694954, "lon": -9.37024 }, "geometry": { "type": "MultiPolygon", "coordinates": [ [ [ [ -9.370182451457941, 38.694954 ], [ -9.370186832079867, 38.694971188440192 ], [ -9.370199307035662, 38.694985760096174 ], [ -9.370217977126398, 38.694995496565419 ], [ -9.37024, 38.694998915558749 ], [ -9.370262022873604, 38.694995496565419 ], [ -9.370280692964339, 38.694985760096174 ], [ -9.370293167920135, 38.694971188440192 ], [ -9.370297548542061, 38.694954 ], [ -9.370293167920135, 38.694936811559813 ], [ -9.370280692964339, 38.694922239903832 ], [ -9.370262022873604, 38.694912503434587 ], [ -9.37024, 38.694909084441257 ], [ -9.370217977126398, 38.694912503434587 ], [ -9.370199307035662, 38.694922239903832 ], [ -9.370186832079867, 38.694936811559813 ], [ -9.370182451457941, 38.694954 ] ] ] ] } },
{ "type": "Feature", "properties": { "station_id": "ad9383f4-d428-4d29-946e-329954f3f5e7", "name": "Av. 25 de Abril 775, 2750-512 Cascais, Portugal", "lat": 38.698707, "lon": -9.427777 }, "geometry": { "type": "MultiPolygon", "coordinates": [ [ [ [ -9.42771944843822, 38.698707 ], [ -9.427723829290008, 38.698724188440188 ], [ -9.427736304900398, 38.69873876009617 ], [ -9.427754975970801, 38.698748496565415 ], [ -9.427777, 38.698751915558745 ], [ -9.4277990240292, 38.698748496565415 ], [ -9.427817695099604, 38.69873876009617 ], [ -9.427830170709994, 38.698724188440188 ], [ -9.427834551561782, 38.698707 ], [ -9.427830170709994, 38.698689811559809 ], [ -9.427817695099604, 38.698675239903828 ], [ -9.4277990240292, 38.698665503434583 ], [ -9.427777, 38.698662084441253 ], [ -9.427754975970801, 38.698665503434583 ], [ -9.427736304900398, 38.698675239903828 ], [ -9.427723829290008, 38.698689811559809 ], [ -9.42771944843822, 38.698707 ] ] ] ] } },
{ "type": "Feature", "properties": { "station_id": "c5882a9c-28e3-4296-bbd8-ef6ac2ea8e8d", "name": "R. Vasco da Gama 59, 2775-297 Parede, Portugal", "lat": 38.685793766584403, "lon": -9.3504180404266712 }, "geometry": { "type": "MultiPolygon", "coordinates": [ [ [ [ -9.350360499252709, 38.685793766584403 ], [ -9.350364879313771, 38.685810955024593 ], [ -9.350377352672364, 38.685825526680574 ], [ -9.350396020372717, 38.685835263149819 ], [ -9.350418040426671, 38.685838682143149 ], [ -9.350440060480626, 38.685835263149819 ], [ -9.350458728180978, 38.685825526680574 ], [ -9.350471201539571, 38.685810955024593 ], [ -9.350475581600634, 38.685793766584403 ], [ -9.350471201539571, 38.685776578144214 ], [ -9.350458728180978, 38.685762006488233 ], [ -9.350440060480626, 38.685752270018988 ], [ -9.350418040426671, 38.685748851025657 ], [ -9.350396020372717, 38.685752270018988 ], [ -9.350377352672364, 38.685762006488233 ], [ -9.350364879313771, 38.685776578144214 ], [ -9.350360499252709, 38.685793766584403 ] ] ] ] } },
{ "type": "Feature", "properties": { "station_id": "d9cf5ec9-0843-4974-96f8-6472756955d6", "name": "R. Nunes dos Santos 21, 2765-538 Estoril, Portugal", "lat": 38.695624, "lon": -9.373401 }, "geometry": { "type": "MultiPolygon", "coordinates": [ [ [ [ -9.373343450918888, 38.695624 ], [ -9.373347831581846, 38.695641188440192 ], [ -9.373360306654495, 38.695655760096173 ], [ -9.37337897692011, 38.695665496565418 ], [ -9.373401, 38.695668915558748 ], [ -9.373423023079889, 38.695665496565418 ], [ -9.373441693345503, 38.695655760096173 ], [ -9.373454168418153, 38.695641188440192 ], [ -9.373458549081111, 38.695624 ], [ -9.373454168418153, 38.695606811559813 ], [ -9.373441693345503, 38.695592239903831 ], [ -9.373423023079889, 38.695582503434586 ], [ -9.373401, 38.695579084441256 ], [ -9.37337897692011, 38.695582503434586 ], [ -9.373360306654495, 38.695592239903831 ], [ -9.373347831581846, 38.695606811559813 ], [ -9.373343450918888, 38.695624 ] ] ] ] } },
{ "type": "Feature", "properties": { "station_id": "dcd32d3c-6c9e-4737-85b1-02d15caa56e5", "name": "R. do Parque Palmela 9, 2750-801 Cascais, Portugal", "lat": 38.701929, "lon": -9.412891 }, "geometry": { "type": "MultiPolygon", "coordinates": [ [ [ [ -9.412833445845299, 38.701929 ], [ -9.412837826894462, 38.701946188440189 ], [ -9.412850303066925, 38.701960760096171 ], [ -9.412868974978533, 38.701970496565416 ], [ -9.412891, 38.701973915558746 ], [ -9.412913025021467, 38.701970496565416 ], [ -9.412931696933075, 38.701960760096171 ], [ -9.412944173105538, 38.701946188440189 ], [ -9.412948554154701, 38.701929 ], [ -9.412944173105538, 38.70191181155981 ], [ -9.412931696933075, 38.701897239903829 ], [ -9.412913025021467, 38.701887503434584 ], [ -9.412891, 38.701884084441254 ], [ -9.412868974978533, 38.701887503434584 ], [ -9.412850303066925, 38.701897239903829 ], [ -9.412837826894462, 38.70191181155981 ], [ -9.412833445845299, 38.701929 ] ] ] ] } },
{ "type": "Feature", "properties": { "station_id": "2625799b-fd98-4991-8b1c-ebab2f9206ae", "name": "Praça Do Junqueiro 5B, 2775-598 Carcavelos, Portugal", "lat": 38.683926, "lon": -9.343249 }, "geometry": { "type": "MultiPolygon", "coordinates": [ [ [ [ -9.343191460327976, 38.683926 ], [ -9.34319584027471, 38.683943188440189 ], [ -9.343208313307725, 38.68395776009617 ], [ -9.343226980520813, 38.683967496565415 ], [ -9.343249, 38.683970915558746 ], [ -9.343271019479188, 38.683967496565415 ], [ -9.343289686692275, 38.68395776009617 ], [ -9.34330215972529, 38.683943188440189 ], [ -9.343306539672025, 38.683926 ], [ -9.34330215972529, 38.68390881155981 ], [ -9.343289686692275, 38.683894239903829 ], [ -9.343271019479188, 38.683884503434584 ], [ -9.343249, 38.683881084441254 ], [ -9.343226980520813, 38.683884503434584 ], [ -9.343208313307725, 38.683894239903829 ], [ -9.34319584027471, 38.68390881155981 ], [ -9.343191460327976, 38.683926 ] ] ] ] } },
{ "type": "Feature", "properties": { "station_id": "8da9bb38-22da-4ebc-98e5-6efcbcffed16", "name": "Tv. Alto 1, 2750 Cascais, Portugal", "lat": 38.715216, "lon": -9.432541 }, "geometry": { "type": "MultiPolygon", "coordinates": [ [ [ [ -9.432483435148129, 38.715216 ], [ -9.432487817011564, 38.715233188440187 ], [ -9.432500295502884, 38.715247760096169 ], [ -9.432518970884903, 38.715257496565414 ], [ -9.432541, 38.715260915558744 ], [ -9.432563029115098, 38.715257496565414 ], [ -9.432581704497117, 38.715247760096169 ], [ -9.432594182988437, 38.715233188440187 ], [ -9.432598564851872, 38.715216 ], [ -9.432594182988437, 38.715198811559809 ], [ -9.432581704497117, 38.715184239903827 ], [ -9.432563029115098, 38.715174503434582 ], [ -9.432541, 38.715171084441252 ], [ -9.432518970884903, 38.715174503434582 ], [ -9.432500295502884, 38.715184239903827 ], [ -9.432487817011564, 38.715198811559809 ], [ -9.432483435148129, 38.715216 ] ] ] ] } },
{ "type": "Feature", "properties": { "station_id": "ca703504-c31e-4d31-a8c3-5c37da2cb026", "name": "R. Dom Luiz Pereira Coutinho 175, 2765-273 Estoril, Portugal", "lat": 38.714559363430354, "lon": -9.3917189878022889 }, "geometry": { "type": "MultiPolygon", "coordinates": [ [ [ [ -9.391672936343843, 38.714559363430354 ], [ -9.391676441802389, 38.714573114182507 ], [ -9.391686424503739, 38.71458477150729 ], [ -9.391701364672105, 38.714592560682689 ], [ -9.391718987802289, 38.714595295877352 ], [ -9.391736610932472, 38.714592560682689 ], [ -9.391751551100839, 38.71458477150729 ], [ -9.391761533802189, 38.714573114182507 ], [ -9.391765039260735, 38.714559363430354 ], [ -9.391761533802189, 38.714545612678201 ], [ -9.391751551100839, 38.714533955353417 ], [ -9.391736610932472, 38.714526166178018 ], [ -9.391718987802289, 38.714523430983355 ], [ -9.391701364672105, 38.714526166178018 ], [ -9.391686424503739, 38.714533955353417 ], [ -9.391676441802389, 38.714545612678201 ], [ -9.391672936343843, 38.714559363430354 ] ] ] ] } },
{ "type": "Feature", "properties": { "station_id": "4b425d39-55fe-47c9-ae2b-001a830455fe", "name": "N6 2668, 2775-279 Parede, Portugal", "lat": 38.68527685318395, "lon": -9.3526412683155051 }, "geometry": { "type": "MultiPolygon", "coordinates": [ [ [ [ -9.352595235708881, 38.68527685318395 ], [ -9.352598739732416, 38.685290603936103 ], [ -9.352608718347206, 38.685302261260887 ], [ -9.352623652399602, 38.685310050436286 ], [ -9.352641268315505, 38.685312785630948 ], [ -9.352658884231408, 38.685310050436286 ], [ -9.352673818283805, 38.685302261260887 ], [ -9.352683796898594, 38.685290603936103 ], [ -9.352687300922129, 38.68527685318395 ], [ -9.352683796898594, 38.685263102431797 ], [ -9.352673818283805, 38.685251445107014 ], [ -9.352658884231408, 38.685243655931615 ], [ -9.352641268315505, 38.685240920736952 ], [ -9.352623652399602, 38.685243655931615 ], [ -9.352608718347206, 38.685251445107014 ], [ -9.352598739732416, 38.685263102431797 ], [ -9.352595235708881, 38.68527685318395 ] ] ] ] } },
{ "type": "Feature", "properties": { "station_id": "f6ace42e-81fe-41e3-95cb-24af1845dd5e", "name": "Rua do Canto 2, 2755-035 Alcabideche, Portugal", "lat": 38.715194, "lon": -9.423778 }, "geometry": { "type": "MultiPolygon", "coordinates": [ [ [ [ -9.423720435165848, 38.715194 ], [ -9.423724817027935, 38.715211188440186 ], [ -9.423737295515414, 38.715225760096168 ], [ -9.423755970891683, 38.715235496565413 ], [ -9.423778, 38.715238915558743 ], [ -9.423800029108317, 38.715235496565413 ], [ -9.423818704484587, 38.715225760096168 ], [ -9.423831182972066, 38.715211188440186 ], [ -9.423835564834153, 38.715194 ], [ -9.423831182972066, 38.715176811559807 ], [ -9.423818704484587, 38.715162239903826 ], [ -9.423800029108317, 38.715152503434581 ], [ -9.423778, 38.715149084441251 ], [ -9.423755970891683, 38.715152503434581 ], [ -9.423737295515414, 38.715162239903826 ], [ -9.423724817027935, 38.715176811559807 ], [ -9.423720435165848, 38.715194 ] ] ] ] } },
{ "type": "Feature", "properties": { "station_id": "b72872da-c166-44f7-a4c8-c09f025c87ec", "name": "R. Mal. Costa Gomes 205a, 2750-827 Cascais, Portugal", "lat": 38.709859450975365, "lon": -9.4136932945260305 }, "geometry": { "type": "MultiPolygon", "coordinates": [ [ [ [ -9.413647246095199, 38.709859450975365 ], [ -9.413650751323281, 38.709873201727518 ], [ -9.413660733368326, 38.709884859052302 ], [ -9.413675672554465, 38.709892648227701 ], [ -9.413693294526031, 38.709895383422364 ], [ -9.413710916497596, 38.709892648227701 ], [ -9.413725855683735, 38.709884859052302 ], [ -9.41373583772878, 38.709873201727518 ], [ -9.413739342956863, 38.709859450975365 ], [ -9.41373583772878, 38.709845700223212 ], [ -9.413725855683735, 38.709834042898429 ], [ -9.413710916497596, 38.70982625372303 ], [ -9.413693294526031, 38.709823518528367 ], [ -9.413675672554465, 38.70982625372303 ], [ -9.413660733368326, 38.709834042898429 ], [ -9.413650751323281, 38.709845700223212 ], [ -9.413647246095199, 38.709859450975365 ] ] ] ] } },
{ "type": "Feature", "properties": { "station_id": "18db9719-aad5-4a2f-a903-8d1220aeb1c8", "name": "Estr. Mata da Torre 606, 2785-599 São Domingos de Rana, Portugal", "lat": 38.712750809869796, "lon": -9.3368888653645215 }, "geometry": { "type": "MultiPolygon", "coordinates": [ [ [ [ -9.336831302497874, 38.712750809869796 ], [ -9.336835684210193, 38.712767998309985 ], [ -9.336848162271171, 38.712782569965967 ], [ -9.336866837009136, 38.712792306435212 ], [ -9.336888865364521, 38.712795725428542 ], [ -9.336910893719907, 38.712792306435212 ], [ -9.336929568457872, 38.712782569965967 ], [ -9.33694204651885, 38.712767998309985 ], [ -9.336946428231169, 38.712750809869796 ], [ -9.33694204651885, 38.712733621429607 ], [ -9.336929568457872, 38.712719049773625 ], [ -9.336910893719907, 38.71270931330438 ], [ -9.336888865364521, 38.71270589431105 ], [ -9.336866837009136, 38.71270931330438 ], [ -9.336848162271171, 38.712719049773625 ], [ -9.336835684210193, 38.712733621429607 ], [ -9.336831302497874, 38.712750809869796 ] ] ] ] } },
{ "type": "Feature", "properties": { "station_id": "e330a233-b6c0-45ac-aa3e-1b46d356c310", "name": "R. Maximiano de Sousa 49, 2785-814 São Domingos de Rana, Portugal", "lat": 38.725086, "lon": -9.322136 }, "geometry": { "type": "MultiPolygon", "coordinates": [ [ [ [ -9.322078427197356, 38.725086 ], [ -9.322082809666007, 38.725103188440187 ], [ -9.322095289880838, 38.725117760096168 ], [ -9.322113967842274, 38.725127496565413 ], [ -9.322136, 38.725130915558744 ], [ -9.322158032157727, 38.725127496565413 ], [ -9.322176710119162, 38.725117760096168 ], [ -9.322189190333994, 38.725103188440187 ], [ -9.322193572802645, 38.725086 ], [ -9.322189190333994, 38.725068811559808 ], [ -9.322176710119162, 38.725054239903827 ], [ -9.322158032157727, 38.725044503434582 ], [ -9.322136, 38.725041084441251 ], [ -9.322113967842274, 38.725044503434582 ], [ -9.322095289880838, 38.725054239903827 ], [ -9.322082809666007, 38.725068811559808 ], [ -9.322078427197356, 38.725086 ] ] ] ] } },
{ "type": "Feature", "properties": { "station_id": "7ec50212-ccab-4651-9553-9ed8bd4aa678", "name": "R. da Holanda 1, 2775-405 Carcavelos, Portugal", "lat": 38.679055160334727, "lon": -9.3266663687033216 }, "geometry": { "type": "MultiPolygon", "coordinates": [ [ [ [ -9.326574311493943, 38.679055160334727 ], [ -9.326581318931757, 38.679082661839026 ], [ -9.326601274426313, 38.6791059764886 ], [ -9.326631139934463, 38.679121554839398 ], [ -9.326666368703322, 38.679127025228723 ], [ -9.32670159747218, 38.679121554839398 ], [ -9.32673146298033, 38.6791059764886 ], [ -9.326751418474887, 38.679082661839026 ], [ -9.326758425912701, 38.679055160334727 ], [ -9.326751418474887, 38.679027658830428 ], [ -9.32673146298033, 38.679004344180854 ], [ -9.32670159747218, 38.678988765830056 ], [ -9.326666368703322, 38.67898329544073 ], [ -9.326631139934463, 38.678988765830056 ], [ -9.326601274426313, 38.679004344180854 ], [ -9.326581318931757, 38.679027658830428 ], [ -9.326574311493943, 38.679055160334727 ] ] ] ] } },
{ "type": "Feature", "properties": { "station_id": "f28878af-ce74-4fea-96e7-54b0fbbe1f0f", "name": "Av. da República, Edifício Santogal, 2645-143 Alcabideche, Portugal", "lat": 38.737083, "lon": -9.395694 }, "geometry": { "type": "MultiPolygon", "coordinates": [ [ [ [ -9.395636417527923, 38.737083 ], [ -9.395640800732616, 38.737100188440188 ], [ -9.395653283043517, 38.737114760096169 ], [ -9.395671964141942, 38.737124496565414 ], [ -9.395694, 38.737127915558744 ], [ -9.39571603585806, 38.737124496565414 ], [ -9.395734716956484, 38.737114760096169 ], [ -9.395747199267385, 38.737100188440188 ], [ -9.395751582472078, 38.737083 ], [ -9.395747199267385, 38.737065811559809 ], [ -9.395734716956484, 38.737051239903828 ], [ -9.39571603585806, 38.737041503434583 ], [ -9.395694, 38.737038084441252 ], [ -9.395671964141942, 38.737041503434583 ], [ -9.395653283043517, 38.737051239903828 ], [ -9.395640800732616, 38.737065811559809 ], [ -9.395636417527923, 38.737083 ] ] ] ] } },
{ "type": "Feature", "properties": { "station_id": "ed063088-27fc-45c7-a961-00e1fd78d25b", "name": "R. Moinho Vermelho 1710, 2645-449 Alcabideche, Portugal", "lat": 38.726801717042292, "lon": -9.4120443702249386 }, "geometry": { "type": "MultiPolygon", "coordinates": [ [ [ [ -9.411998310876829, 38.726801717042292 ], [ -9.412001816935939, 38.726815467794445 ], [ -9.412011801347553, 38.726827125119229 ], [ -9.412026744075511, 38.726834914294628 ], [ -9.412044370224939, 38.726837649489291 ], [ -9.412061996374366, 38.726834914294628 ], [ -9.412076939102324, 38.726827125119229 ], [ -9.412086923513938, 38.726815467794445 ], [ -9.412090429573048, 38.726801717042292 ], [ -9.412086923513938, 38.726787966290139 ], [ -9.412076939102324, 38.726776308965356 ], [ -9.412061996374366, 38.726768519789957 ], [ -9.412044370224939, 38.726765784595294 ], [ -9.412026744075511, 38.726768519789957 ], [ -9.412011801347553, 38.726776308965356 ], [ -9.412001816935939, 38.726787966290139 ], [ -9.411998310876829, 38.726801717042292 ] ] ] ] } },
{ "type": "Feature", "properties": { "station_id": "f0a9a371-d6e1-4240-a06a-bdf0c3897513", "name": "Alcabideche, 2645-449 Alcabideche, Portugal", "lat": 38.732528, "lon": -9.410139 }, "geometry": { "type": "MultiPolygon", "coordinates": [ [ [ [ -9.410081421199875, 38.732528 ], [ -9.410085804125059, 38.732545188440191 ], [ -9.410098285639979, 38.732559760096173 ], [ -9.410116965547136, 38.732569496565418 ], [ -9.410139, 38.732572915558748 ], [ -9.410161034452862, 38.732569496565418 ], [ -9.410179714360019, 38.732559760096173 ], [ -9.41019219587494, 38.732545188440191 ], [ -9.410196578800123, 38.732528 ], [ -9.41019219587494, 38.732510811559813 ], [ -9.410179714360019, 38.732496239903831 ], [ -9.410161034452862, 38.732486503434586 ], [ -9.410139, 38.732483084441256 ], [ -9.410116965547136, 38.732486503434586 ], [ -9.410098285639979, 38.732496239903831 ], [ -9.410085804125059, 38.732510811559813 ], [ -9.410081421199875, 38.732528 ] ] ] ] } },
{ "type": "Feature", "properties": { "station_id": "21c7b2e1-2c7b-4857-8e9c-7821e8bc7ae6", "name": "Av. Plátanos 58, 2775-352 Parede, Portugal", "lat": 38.6973, "lon": -9.366035 }, "geometry": { "type": "MultiPolygon", "coordinates": [ [ [ [ -9.36597744957038, 38.6973 ], [ -9.365981830335986, 38.697317188440188 ], [ -9.365994305700955, 38.697331760096169 ], [ -9.366012976404059, 38.697341496565414 ], [ -9.366035, 38.697344915558745 ], [ -9.366057023595941, 38.697341496565414 ], [ -9.366075694299045, 38.697331760096169 ], [ -9.366088169664014, 38.697317188440188 ], [ -9.36609255042962, 38.6973 ], [ -9.366088169664014, 38.697282811559809 ], [ -9.366075694299045, 38.697268239903828 ], [ -9.366057023595941, 38.697258503434583 ], [ -9.366035, 38.697255084441252 ], [ -9.366012976404059, 38.697258503434583 ], [ -9.365994305700955, 38.697268239903828 ], [ -9.365981830335986, 38.697282811559809 ], [ -9.36597744957038, 38.6973 ] ] ] ] } },
{ "type": "Feature", "properties": { "station_id": "186340d3-1c8a-453d-b71c-ee4f5901e64b", "name": "Estr. Principal do Outeiro 396 2785, 2785 São Domingos de Rana, Portugal", "lat": 38.713378, "lon": -9.326261 }, "geometry": { "type": "MultiPolygon", "coordinates": [ [ [ [ -9.326203436628298, 38.713378 ], [ -9.326207818379062, 38.713395188440188 ], [ -9.326220296549522, 38.71340976009617 ], [ -9.326238971451339, 38.713419496565415 ], [ -9.326261, 38.713422915558745 ], [ -9.326283028548662, 38.713419496565415 ], [ -9.326301703450479, 38.71340976009617 ], [ -9.326314181620939, 38.713395188440188 ], [ -9.326318563371704, 38.713378 ], [ -9.326314181620939, 38.713360811559809 ], [ -9.326301703450479, 38.713346239903828 ], [ -9.326283028548662, 38.713336503434583 ], [ -9.326261, 38.713333084441253 ], [ -9.326238971451339, 38.713336503434583 ], [ -9.326220296549522, 38.713346239903828 ], [ -9.326207818379062, 38.713360811559809 ], [ -9.326203436628298, 38.713378 ] ] ] ] } },
{ "type": "Feature", "properties": { "station_id": "6da472dd-119d-4394-9970-9ccdf3c0c97d", "name": "Sao Joao do Estoril, 2765-223 Estoril, Portugal", "lat": 38.70124015497759, "lon": -9.3862063670738785 }, "geometry": { "type": "MultiPolygon", "coordinates": [ [ [ [ -9.386160324193627, 38.70124015497759 ], [ -9.386163828999196, 38.701253905729743 ], [ -9.386173809841027, 38.701265563054527 ], [ -9.386188747226427, 38.701273352229926 ], [ -9.386206367073878, 38.701276087424588 ], [ -9.38622398692133, 38.701273352229926 ], [ -9.386238924306729, 38.701265563054527 ], [ -9.386248905148561, 38.701253905729743 ], [ -9.38625240995413, 38.70124015497759 ], [ -9.386248905148561, 38.701226404225437 ], [ -9.386238924306729, 38.701214746900654 ], [ -9.38622398692133, 38.701206957725255 ], [ -9.386206367073878, 38.701204222530592 ], [ -9.386188747226427, 38.701206957725255 ], [ -9.386173809841027, 38.701214746900654 ], [ -9.386163828999196, 38.701226404225437 ], [ -9.386160324193627, 38.70124015497759 ] ] ] ] } },
{ "type": "Feature", "properties": { "station_id": "fb8c8b26-4480-42d1-a756-a80a04484f57", "name": "R. Serra da Estrela 51b, 2785-820 São Domingos de Rana, Portugal", "lat": 38.707869, "lon": -9.347244 }, "geometry": { "type": "MultiPolygon", "coordinates": [ [ [ [ -9.347186441063965, 38.707869 ], [ -9.347190822477083, 38.707886188440192 ], [ -9.347203299686011, 38.707900760096173 ], [ -9.347221973148795, 38.707910496565418 ], [ -9.347244, 38.707913915558748 ], [ -9.347266026851205, 38.707910496565418 ], [ -9.347284700313988, 38.707900760096173 ], [ -9.347297177522917, 38.707886188440192 ], [ -9.347301558936035, 38.707869 ], [ -9.347297177522917, 38.707851811559813 ], [ -9.347284700313988, 38.707837239903832 ], [ -9.347266026851205, 38.707827503434586 ], [ -9.347244, 38.707824084441256 ], [ -9.347221973148795, 38.707827503434586 ], [ -9.347203299686011, 38.707837239903832 ], [ -9.347190822477083, 38.707851811559813 ], [ -9.347186441063965, 38.707869 ] ] ] ] } },
{ "type": "Feature", "properties": { "station_id": "6ddd55e9-847b-4d36-8f59-c93f605c6688", "name": "R. Vasco de Lima Couto 25, 2785-543 São Domingos de Rana, Portugal", "lat": 38.719096681145523, "lon": -9.3316202622770756 }, "geometry": { "type": "MultiPolygon", "coordinates": [ [ [ [ -9.331574207895088, 38.719096681145523 ], [ -9.331577713576175, 38.719110431897676 ], [ -9.331587696911269, 38.719122089222459 ], [ -9.331602638028102, 38.719129878397858 ], [ -9.331620262277076, 38.719132613592521 ], [ -9.33163788652605, 38.719129878397858 ], [ -9.331652827642882, 38.719122089222459 ], [ -9.331662810977976, 38.719110431897676 ], [ -9.331666316659064, 38.719096681145523 ], [ -9.331662810977976, 38.71908293039337 ], [ -9.331652827642882, 38.719071273068586 ], [ -9.33163788652605, 38.719063483893187 ], [ -9.331620262277076, 38.719060748698524 ], [ -9.331602638028102, 38.719063483893187 ], [ -9.331587696911269, 38.719071273068586 ], [ -9.331577713576175, 38.71908293039337 ], [ -9.331574207895088, 38.719096681145523 ] ] ] ] } },
{ "type": "Feature", "properties": { "station_id": "11d81d84-4975-4679-814c-f48a5233fefe", "name": "R. Ruben Rolo 36, 2785-816 São Domingos de Rana, Portugal", "lat": 38.713789613917896, "lon": -9.330236793998715 }, "geometry": { "type": "MultiPolygon", "coordinates": [ [ [ [ -9.330190743036178, 38.713789613917896 ], [ -9.330194248456975, 38.713803364670049 ], [ -9.330204231050825, 38.713815021994833 ], [ -9.330219171058308, 38.713822811170232 ], [ -9.330236793998715, 38.713825546364895 ], [ -9.330254416939121, 38.713822811170232 ], [ -9.330269356946605, 38.713815021994833 ], [ -9.330279339540455, 38.713803364670049 ], [ -9.330282844961252, 38.713789613917896 ], [ -9.330279339540455, 38.713775863165743 ], [ -9.330269356946605, 38.71376420584096 ], [ -9.330254416939121, 38.713756416665561 ], [ -9.330236793998715, 38.713753681470898 ], [ -9.330219171058308, 38.713756416665561 ], [ -9.330204231050825, 38.71376420584096 ], [ -9.330194248456975, 38.713775863165743 ], [ -9.330190743036178, 38.713789613917896 ] ] ] ] } },
{ "type": "Feature", "properties": { "station_id": "5258e72e-e328-4913-aa34-98f2b3299eb3", "name": "R. Carlos Anjos 928B, 2645 Alcabideche, Portugal", "lat": 38.719639, "lon": -9.409955 }, "geometry": { "type": "MultiPolygon", "coordinates": [ [ [ [ -9.409908945268533, 38.719639 ], [ -9.409912450976222, 38.719652750752154 ], [ -9.409922434387074, 38.719664408076937 ], [ -9.409937375617286, 38.719672197252336 ], [ -9.409955, 38.719674932446999 ], [ -9.409972624382714, 38.719672197252336 ], [ -9.409987565612926, 38.719664408076937 ], [ -9.409997549023778, 38.719652750752154 ], [ -9.410001054731467, 38.719639 ], [ -9.409997549023778, 38.719625249247848 ], [ -9.409987565612926, 38.719613591923064 ], [ -9.409972624382714, 38.719605802747665 ], [ -9.409955, 38.719603067553003 ], [ -9.409937375617286, 38.719605802747665 ], [ -9.409922434387074, 38.719613591923064 ], [ -9.409912450976222, 38.719625249247848 ], [ -9.409908945268533, 38.719639 ] ] ] ] } },
{ "type": "Feature", "properties": { "station_id": "82c6e241-1a92-4405-99d6-2cb0a41fec74", "name": "R. Dom Afonso IV 292, 2785 São Domingos de Rana, Portugal", "lat": 38.740725, "lon": -9.314594 }, "geometry": { "type": "MultiPolygon", "coordinates": [ [ [ [ -9.314536414591371, 38.740725 ], [ -9.314540798019596, 38.740742188440187 ], [ -9.314553280967061, 38.740756760096168 ], [ -9.314571963018171, 38.740766496565413 ], [ -9.314594, 38.740769915558744 ], [ -9.314616036981828, 38.740766496565413 ], [ -9.314634719032938, 38.740756760096168 ], [ -9.314647201980403, 38.740742188440187 ], [ -9.314651585408628, 38.740725 ], [ -9.314647201980403, 38.740707811559808 ], [ -9.314634719032938, 38.740693239903827 ], [ -9.314616036981828, 38.740683503434582 ], [ -9.314594, 38.740680084441252 ], [ -9.314571963018171, 38.740683503434582 ], [ -9.314553280967061, 38.740693239903827 ], [ -9.314540798019596, 38.740707811559808 ], [ -9.314536414591371, 38.740725 ] ] ] ] } },
{ "type": "Feature", "properties": { "station_id": "c1a36a3e-314f-4cb2-bfed-b255eaa2530c", "name": "R. das Codornizes 550, 2750 Cascais, Portugal", "lat": 38.709703, "lon": -9.44934 }, "geometry": { "type": "MultiPolygon", "coordinates": [ [ [ [ -9.449293951669938, 38.709703 ], [ -9.449297456890349, 38.70971675075215 ], [ -9.44930743891355, 38.709728408076934 ], [ -9.449322378066997, 38.709736197252333 ], [ -9.44934, 38.709738932446996 ], [ -9.449357621933002, 38.709736197252333 ], [ -9.449372561086449, 38.709728408076934 ], [ -9.44938254310965, 38.70971675075215 ], [ -9.44938604833006, 38.709703 ], [ -9.44938254310965, 38.709689249247845 ], [ -9.449372561086449, 38.709677591923061 ], [ -9.449357621933002, 38.709669802747662 ], [ -9.44934, 38.709667067552999 ], [ -9.449322378066997, 38.709669802747662 ], [ -9.44930743891355, 38.709677591923061 ], [ -9.449297456890349, 38.709689249247845 ], [ -9.449293951669938, 38.709703 ] ] ] ] } },
{ "type": "Feature", "properties": { "station_id": "f69e9684-b216-496e-9033-d4d8c49a6c9a", "name": "R. Piaget 11, 2645-019 Alcabideche, Portugal", "lat": 38.745694, "lon": -9.379083 }, "geometry": { "type": "MultiPolygon", "coordinates": [ [ [ [ -9.379025410584001, 38.745694 ], [ -9.379029794317269, 38.74571118844019 ], [ -9.379042278133422, 38.745725760096171 ], [ -9.379060961484617, 38.745735496565416 ], [ -9.379083, 38.745738915558746 ], [ -9.379105038515382, 38.745735496565416 ], [ -9.379123721866577, 38.745725760096171 ], [ -9.37913620568273, 38.74571118844019 ], [ -9.379140589415998, 38.745694 ], [ -9.37913620568273, 38.745676811559811 ], [ -9.379123721866577, 38.74566223990383 ], [ -9.379105038515382, 38.745652503434584 ], [ -9.379083, 38.745649084441254 ], [ -9.379060961484617, 38.745652503434584 ], [ -9.379042278133422, 38.74566223990383 ], [ -9.379029794317269, 38.745676811559811 ], [ -9.379025410584001, 38.745694 ] ] ] ] } },
{ "type": "Feature", "properties": { "station_id": "cfa1971a-556d-41e2-8ff6-d831455b19f9", "name": "R. Júlio Dantas 17, 2750-670 Cascais, Portugal", "lat": 38.709944, "lon": -9.434444 }, "geometry": { "type": "MultiPolygon", "coordinates": [ [ [ [ -9.434386439393384, 38.709944 ], [ -9.434390820933668, 38.70996118844019 ], [ -9.434403298504732, 38.709975760096171 ], [ -9.43442197250949, 38.709985496565416 ], [ -9.434444, 38.709988915558746 ], [ -9.434466027490508, 38.709985496565416 ], [ -9.434484701495267, 38.709975760096171 ], [ -9.43449717906633, 38.70996118844019 ], [ -9.434501560606614, 38.709944 ], [ -9.43449717906633, 38.709926811559811 ], [ -9.434484701495267, 38.709912239903829 ], [ -9.434466027490508, 38.709902503434584 ], [ -9.434444, 38.709899084441254 ], [ -9.43442197250949, 38.709902503434584 ], [ -9.434403298504732, 38.709912239903829 ], [ -9.434390820933668, 38.709926811559811 ], [ -9.434386439393384, 38.709944 ] ] ] ] } },
{ "type": "Feature", "properties": { "station_id": "3b12d178-3428-4622-a315-caa3de7d8b73", "name": "Livramento, 2765-382 Estoril, Portugal", "lat": 38.713484, "lon": -9.37175 }, "geometry": { "type": "MultiPolygon", "coordinates": [ [ [ [ -9.371692436542938, 38.713484 ], [ -9.371696818300199, 38.713501188440191 ], [ -9.371709296489163, 38.713515760096172 ], [ -9.371727971418673, 38.713525496565417 ], [ -9.37175, 38.713528915558747 ], [ -9.371772028581328, 38.713525496565417 ], [ -9.371790703510838, 38.713515760096172 ], [ -9.371803181699802, 38.713501188440191 ], [ -9.371807563457063, 38.713484 ], [ -9.371803181699802, 38.713466811559812 ], [ -9.371790703510838, 38.71345223990383 ], [ -9.371772028581328, 38.713442503434585 ], [ -9.37175, 38.713439084441255 ], [ -9.371727971418673, 38.713442503434585 ], [ -9.371709296489163, 38.71345223990383 ], [ -9.371696818300199, 38.713466811559812 ], [ -9.371692436542938, 38.713484 ] ] ] ] } },
{ "type": "Feature", "properties": { "station_id": "8bab2249-23d5-4a9c-8408-4ccdc1317b2d", "name": "Bicesse, 2645-253 Alcabideche, Portugal", "lat": 38.72923062846732, "lon": -9.3841158557319844 }, "geometry": { "type": "MultiPolygon", "coordinates": [ [ [ [ -9.384069794817975, 38.72923062846732 ], [ -9.384073300996283, 38.729244379219473 ], [ -9.384083285747341, 38.729256036544257 ], [ -9.384098228983314, 38.729263825719656 ], [ -9.384115855731984, 38.729266560914319 ], [ -9.384133482480655, 38.729263825719656 ], [ -9.384148425716628, 38.729256036544257 ], [ -9.384158410467686, 38.729244379219473 ], [ -9.384161916645994, 38.72923062846732 ], [ -9.384158410467686, 38.729216877715167 ], [ -9.384148425716628, 38.729205220390384 ], [ -9.384133482480655, 38.729197431214985 ], [ -9.384115855731984, 38.729194696020322 ], [ -9.384098228983314, 38.729197431214985 ], [ -9.384083285747341, 38.729205220390384 ], [ -9.384073300996283, 38.729216877715167 ], [ -9.384069794817975, 38.72923062846732 ] ] ] ] } },
{ "type": "Feature", "properties": { "station_id": "12f2ef95-febe-4f66-841e-c82d7127c32b", "name": "R. António da Costa Carvalho 247, 2765-015 Estoril, Portugal", "lat": 38.708408299640311, "lon": -9.3775917031112215 }, "geometry": { "type": "MultiPolygon", "coordinates": [ [ [ [ -9.377545655615055, 38.708408299640311 ], [ -9.37754916077199, 38.708422050392464 ], [ -9.377559142614425, 38.708433707717248 ], [ -9.377574081497336, 38.708441496892647 ], [ -9.377591703111221, 38.708444232087309 ], [ -9.377609324725107, 38.708441496892647 ], [ -9.377624263608018, 38.708433707717248 ], [ -9.377634245450453, 38.708422050392464 ], [ -9.377637750607388, 38.708408299640311 ], [ -9.377634245450453, 38.708394548888158 ], [ -9.377624263608018, 38.708382891563375 ], [ -9.377609324725107, 38.708375102387976 ], [ -9.377591703111221, 38.708372367193313 ], [ -9.377574081497336, 38.708375102387976 ], [ -9.377559142614425, 38.708382891563375 ], [ -9.37754916077199, 38.708394548888158 ], [ -9.377545655615055, 38.708408299640311 ] ] ] ] } },
{ "type": "Feature", "properties": { "station_id": "6e6ad9bc-9af9-48fc-91ff-1488a9dbcaa5", "name": "Tv. do Mercado 1, 2765-398 Estoril, Portugal", "lat": 38.704703, "lon": -9.409125 }, "geometry": { "type": "MultiPolygon", "coordinates": [ [ [ [ -9.409067443612576, 38.704703 ], [ -9.409071824831694, 38.704720188440191 ], [ -9.409084301488152, 38.704734760096173 ], [ -9.409102974124107, 38.704744496565418 ], [ -9.409125, 38.704747915558748 ], [ -9.409147025875892, 38.704744496565418 ], [ -9.409165698511847, 38.704734760096173 ], [ -9.409178175168305, 38.704720188440191 ], [ -9.409182556387423, 38.704703 ], [ -9.409178175168305, 38.704685811559813 ], [ -9.409165698511847, 38.704671239903831 ], [ -9.409147025875892, 38.704661503434586 ], [ -9.409125, 38.704658084441256 ], [ -9.409102974124107, 38.704661503434586 ], [ -9.409084301488152, 38.704671239903831 ], [ -9.409071824831694, 38.704685811559813 ], [ -9.409067443612576, 38.704703 ] ] ] ] } },
{ "type": "Feature", "properties": { "station_id": "07e503f0-dcbd-4ed9-90b8-84aa68ae8860", "name": "R. Combatentes do Ultramar 7, 2775-083 Parede, Portugal", "lat": 38.699889, "lon": -9.359694 }, "geometry": { "type": "MultiPolygon", "coordinates": [ [ [ [ -9.359636447487047, 38.699889 ], [ -9.359640828411237, 38.699906188440188 ], [ -9.359653304227816, 38.69992076009617 ], [ -9.359671975606801, 38.699930496565415 ], [ -9.359694, 38.699933915558745 ], [ -9.359716024393197, 38.699930496565415 ], [ -9.359734695772183, 38.69992076009617 ], [ -9.359747171588761, 38.699906188440188 ], [ -9.359751552512952, 38.699889 ], [ -9.359747171588761, 38.699871811559809 ], [ -9.359734695772183, 38.699857239903828 ], [ -9.359716024393197, 38.699847503434583 ], [ -9.359694, 38.699844084441253 ], [ -9.359671975606801, 38.699847503434583 ], [ -9.359653304227816, 38.699857239903828 ], [ -9.359640828411237, 38.699871811559809 ], [ -9.359636447487047, 38.699889 ] ] ] ] } },
{ "type": "Feature", "properties": { "station_id": "050c755b-bf84-4c6e-9e07-611d34401c68", "name": "Av. da República 311, 2750-475 Cascais, Portugal", "lat": 38.69436886051971, "lon": -9.4227369579778983 }, "geometry": { "type": "MultiPolygon", "coordinates": [ [ [ [ -9.4226794099066, 38.69436886051971 ], [ -9.422683790492691, 38.694386048959899 ], [ -9.422696265346438, 38.69440062061588 ], [ -9.422714935284448, 38.694410357085125 ], [ -9.422736957977898, 38.694413776078456 ], [ -9.422758980671349, 38.694410357085125 ], [ -9.422777650609358, 38.69440062061588 ], [ -9.422790125463106, 38.694386048959899 ], [ -9.422794506049197, 38.69436886051971 ], [ -9.422790125463106, 38.69435167207952 ], [ -9.422777650609358, 38.694337100423539 ], [ -9.422758980671349, 38.694327363954294 ], [ -9.422736957977898, 38.694323944960964 ], [ -9.422714935284448, 38.694327363954294 ], [ -9.422696265346438, 38.694337100423539 ], [ -9.422683790492691, 38.69435167207952 ], [ -9.4226794099066, 38.69436886051971 ] ] ] ] } },
{ "type": "Feature", "properties": { "station_id": "0f3b97c3-73bf-4a7a-a53b-a7fbf750d42a", "name": "Av. Lago 146B, 2765-421 Estoril, Portugal", "lat": 38.708981723180372, "lon": -9.4077222008244217 }, "geometry": { "type": "MultiPolygon", "coordinates": [ [ [ [ -9.407676152958929, 38.708981723180372 ], [ -9.407679658143978, 38.708995473932525 ], [ -9.407689640066472, 38.709007131257309 ], [ -9.407704579069202, 38.709014920432708 ], [ -9.407722200824422, 38.70901765562737 ], [ -9.407739822579641, 38.709014920432708 ], [ -9.407754761582371, 38.709007131257309 ], [ -9.407764743504865, 38.708995473932525 ], [ -9.407768248689914, 38.708981723180372 ], [ -9.407764743504865, 38.708967972428219 ], [ -9.407754761582371, 38.708956315103435 ], [ -9.407739822579641, 38.708948525928037 ], [ -9.407722200824422, 38.708945790733374 ], [ -9.407704579069202, 38.708948525928037 ], [ -9.407689640066472, 38.708956315103435 ], [ -9.407679658143978, 38.708967972428219 ], [ -9.407676152958929, 38.708981723180372 ] ] ] ] } },
{ "type": "Feature", "properties": { "station_id": "8dc5a29a-f323-4823-a978-0dfad9fdad3d", "name": "Av. Marginal 1, 2765 Estoril, Portugal", "lat": 38.693320876603195, "lon": -9.3680258507870011 }, "geometry": { "type": "MultiPolygon", "coordinates": [ [ [ [ -9.367979813004441, 38.693320876603195 ], [ -9.367983317421972, 38.693334627355348 ], [ -9.367993297158762, 38.693346284680132 ], [ -9.368008232890352, 38.693354073855531 ], [ -9.368025850787001, 38.693356809050194 ], [ -9.36804346868365, 38.693354073855531 ], [ -9.36805840441524, 38.693346284680132 ], [ -9.36806838415203, 38.693334627355348 ], [ -9.368071888569562, 38.693320876603195 ], [ -9.36806838415203, 38.693307125851042 ], [ -9.36805840441524, 38.693295468526259 ], [ -9.36804346868365, 38.69328767935086 ], [ -9.368025850787001, 38.693284944156197 ], [ -9.368008232890352, 38.69328767935086 ], [ -9.367993297158762, 38.693295468526259 ], [ -9.367983317421972, 38.693307125851042 ], [ -9.367979813004441, 38.693320876603195 ] ] ] ] } },
{ "type": "Feature", "properties": { "station_id": "d4ea91fd-d339-4cef-98f7-60517248ea6b", "name": "R. Flores 419, 2765 Estoril, Portugal", "lat": 38.71616204932954, "lon": -9.38252929546179 }, "geometry": { "type": "MultiPolygon", "coordinates": [ [ [ [ -9.382483242970757, 38.71616204932954 ], [ -9.382486748507903, 38.716175800081693 ], [ -9.38249673143309, 38.716187457406477 ], [ -9.382511671936452, 38.716195246581876 ], [ -9.38252929546179, 38.716197981776538 ], [ -9.382546918987128, 38.716195246581876 ], [ -9.38256185949049, 38.716187457406477 ], [ -9.382571842415677, 38.716175800081693 ], [ -9.382575347952823, 38.71616204932954 ], [ -9.382571842415677, 38.716148298577387 ], [ -9.38256185949049, 38.716136641252604 ], [ -9.382546918987128, 38.716128852077205 ], [ -9.38252929546179, 38.716126116882542 ], [ -9.382511671936452, 38.716128852077205 ], [ -9.38249673143309, 38.716136641252604 ], [ -9.382486748507903, 38.716148298577387 ], [ -9.382483242970757, 38.71616204932954 ] ] ] ] } },
{ "type": "Feature", "properties": { "station_id": "39de40e3-2e29-4c69-92a3-92c3cb17ac03", "name": "Farol da Guia, 2750 Cascais, Portugal", "lat": 38.696028, "lon": -9.446972 }, "geometry": { "type": "MultiPolygon", "coordinates": [ [ [ [ -9.446891430831378, 38.696028 ], [ -9.44689756379416, 38.696052063816261 ], [ -9.446915028994514, 38.696072464134637 ], [ -9.446941167514009, 38.696086095191589 ], [ -9.446972, 38.696090881782247 ], [ -9.447002832485992, 38.696086095191589 ], [ -9.447028971005487, 38.696072464134637 ], [ -9.447046436205842, 38.696052063816261 ], [ -9.447052569168623, 38.696028 ], [ -9.447046436205842, 38.696003936183736 ], [ -9.447028971005487, 38.695983535865359 ], [ -9.447002832485992, 38.695969904808408 ], [ -9.446972, 38.69596511821775 ], [ -9.446941167514009, 38.695969904808408 ], [ -9.446915028994514, 38.695983535865359 ], [ -9.44689756379416, 38.696003936183736 ], [ -9.446891430831378, 38.696028 ] ] ] ] } },
{ "type": "Feature", "properties": { "station_id": "1749b1ff-f007-4855-b90a-bb786a826865", "name": "Rua Torre frent.Estrada Cemiterio, 2750-762 Cascais, Portugal", "lat": 38.700528, "lon": -9.441667 }, "geometry": { "type": "MultiPolygon", "coordinates": [ [ [ [ -9.441586425761937, 38.700528 ], [ -9.441592559110607, 38.700552063816261 ], [ -9.441610025409878, 38.700572464134638 ], [ -9.441636165574018, 38.700586095191589 ], [ -9.441667, 38.700590881782247 ], [ -9.441697834425984, 38.700586095191589 ], [ -9.441723974590124, 38.700572464134638 ], [ -9.441741440889395, 38.700552063816261 ], [ -9.441747574238065, 38.700528 ], [ -9.441741440889395, 38.700503936183736 ], [ -9.441723974590124, 38.700483535865359 ], [ -9.441697834425984, 38.700469904808408 ], [ -9.441667, 38.70046511821775 ], [ -9.441636165574018, 38.700469904808408 ], [ -9.441610025409878, 38.700483535865359 ], [ -9.441592559110607, 38.700503936183736 ], [ -9.441586425761937, 38.700528 ] ] ] ] } },
{ "type": "Feature", "properties": { "station_id": "fad0dd1d-cc34-4189-a809-33779c4e85d1", "name": "R. Pedro Franco 238, 2750-257 Cascais, Portugal", "lat": 38.714444, "lon": -9.445667 }, "geometry": { "type": "MultiPolygon", "coordinates": [ [ [ [ -9.445609435769848, 38.714444 ], [ -9.445613817585958, 38.71446118844019 ], [ -9.445626295942505, 38.714475760096171 ], [ -9.445644971122825, 38.714485496565416 ], [ -9.445667, 38.714488915558746 ], [ -9.445689028877176, 38.714485496565416 ], [ -9.445707704057495, 38.714475760096171 ], [ -9.445720182414043, 38.71446118844019 ], [ -9.445724564230153, 38.714444 ], [ -9.445720182414043, 38.714426811559811 ], [ -9.445707704057495, 38.71441223990383 ], [ -9.445689028877176, 38.714402503434584 ], [ -9.445667, 38.714399084441254 ], [ -9.445644971122825, 38.714402503434584 ], [ -9.445626295942505, 38.71441223990383 ], [ -9.445613817585958, 38.714426811559811 ], [ -9.445609435769848, 38.714444 ] ] ] ] } },
{ "type": "Feature", "properties": { "station_id": "710225a4-8111-4bdc-90d7-e928719e7b18", "name": "R. António Gedeão 46, 2645-176 Alcabideche, Portugal", "lat": 38.713917, "lon": -9.409056 }, "geometry": { "type": "MultiPolygon", "coordinates": [ [ [ [ -9.408998436194246, 38.713917 ], [ -9.409002817978051, 38.713934188440192 ], [ -9.4090152962426, 38.713948760096173 ], [ -9.409033971285234, 38.713958496565418 ], [ -9.409056, 38.713961915558748 ], [ -9.409078028714765, 38.713958496565418 ], [ -9.409096703757399, 38.713948760096173 ], [ -9.409109182021949, 38.713934188440192 ], [ -9.409113563805754, 38.713917 ], [ -9.409109182021949, 38.713899811559813 ], [ -9.409096703757399, 38.713885239903831 ], [ -9.409078028714765, 38.713875503434586 ], [ -9.409056, 38.713872084441256 ], [ -9.409033971285234, 38.713875503434586 ], [ -9.4090152962426, 38.713885239903831 ], [ -9.409002817978051, 38.713899811559813 ], [ -9.408998436194246, 38.713917 ] ] ] ] } },
{ "type": "Feature", "properties": { "station_id": "9894cec0-2981-4713-ab5f-c984486ee338", "name": "R. Dra. Iracy Doyle 40, 2750-427 Cascais, Portugal", "lat": 38.700378293442583, "lon": -9.4189993908054763 }, "geometry": { "type": "MultiPolygon", "coordinates": [ [ [ [ -9.418884284992055, 38.700378293442583 ], [ -9.418893046900383, 38.700412670322962 ], [ -9.418917998704252, 38.700441813634932 ], [ -9.418955341717711, 38.700461286573422 ], [ -9.418999390805476, 38.700468124560082 ], [ -9.419043439893242, 38.700461286573422 ], [ -9.4190807829067, 38.700441813634932 ], [ -9.41910573471057, 38.700412670322962 ], [ -9.419114496618898, 38.700378293442583 ], [ -9.41910573471057, 38.700343916562204 ], [ -9.4190807829067, 38.700314773250234 ], [ -9.419043439893242, 38.700295300311744 ], [ -9.418999390805476, 38.700288462325084 ], [ -9.418955341717711, 38.700295300311744 ], [ -9.418917998704252, 38.700314773250234 ], [ -9.418893046900383, 38.700343916562204 ], [ -9.418884284992055, 38.700378293442583 ] ] ] ] } },
{ "type": "Feature", "properties": { "station_id": "287964d3-c9eb-4fc7-9294-3a2285d45fbf", "name": "Estoril, 2765 Estoril, Portugal", "lat": 38.70372157511855, "lon": -9.3986209195112274 }, "geometry": { "type": "MultiPolygon", "coordinates": [ [ [ [ -9.39855185279427, 38.70372157511855 ], [ -9.398557110185052, 38.703742201246776 ], [ -9.398572081967313, 38.703759687233955 ], [ -9.398594488822919, 38.703771370997053 ], [ -9.398620919511227, 38.703775473789051 ], [ -9.398647350199536, 38.703771370997053 ], [ -9.398669757055142, 38.703759687233955 ], [ -9.398684728837402, 38.703742201246776 ], [ -9.398689986228185, 38.70372157511855 ], [ -9.398684728837402, 38.703700948990324 ], [ -9.398669757055142, 38.703683463003145 ], [ -9.398647350199536, 38.703671779240047 ], [ -9.398620919511227, 38.703667676448049 ], [ -9.398594488822919, 38.703671779240047 ], [ -9.398572081967313, 38.703683463003145 ], [ -9.398557110185052, 38.703700948990324 ], [ -9.39855185279427, 38.70372157511855 ] ] ] ] } },
{ "type": "Feature", "properties": { "station_id": "0bfae21b-8bc1-43ea-97d1-d688743d2923", "name": "Tv. Navegantes 12, 2750-282 Cascais, Portugal", "lat": 38.697529, "lon": -9.422677 }, "geometry": { "type": "MultiPolygon", "coordinates": [ [ [ [ -9.422619449386117, 38.697529 ], [ -9.422623830165749, 38.697546188440192 ], [ -9.422636305570661, 38.697560760096174 ], [ -9.422654976333545, 38.697570496565419 ], [ -9.422677, 38.697573915558749 ], [ -9.422699023666455, 38.697570496565419 ], [ -9.422717694429339, 38.697560760096174 ], [ -9.422730169834251, 38.697546188440192 ], [ -9.422734550613884, 38.697529 ], [ -9.422730169834251, 38.697511811559814 ], [ -9.422717694429339, 38.697497239903832 ], [ -9.422699023666455, 38.697487503434587 ], [ -9.422677, 38.697484084441257 ], [ -9.422654976333545, 38.697487503434587 ], [ -9.422636305570661, 38.697497239903832 ], [ -9.422623830165749, 38.697511811559814 ], [ -9.422619449386117, 38.697529 ] ] ] ] } },
{ "type": "Feature", "properties": { "station_id": "61edb270-d4a1-460c-964e-7418ad624048", "name": "N249-4 729, 2785-754 São Domingos de Rana, Portugal", "lat": 38.727777, "lon": -9.334914 }, "geometry": { "type": "MultiPolygon", "coordinates": [ [ [ [ -9.334856425028946, 38.727777 ], [ -9.334860807662658, 38.727794188440193 ], [ -9.334873288347541, 38.727808760096174 ], [ -9.334891967012458, 38.727818496565419 ], [ -9.334914, 38.727821915558749 ], [ -9.334936032987541, 38.727818496565419 ], [ -9.334954711652458, 38.727808760096174 ], [ -9.334967192337341, 38.727794188440193 ], [ -9.334971574971053, 38.727777 ], [ -9.334967192337341, 38.727759811559814 ], [ -9.334954711652458, 38.727745239903832 ], [ -9.334936032987541, 38.727735503434587 ], [ -9.334914, 38.727732084441257 ], [ -9.334891967012458, 38.727735503434587 ], [ -9.334873288347541, 38.727745239903832 ], [ -9.334860807662658, 38.727759811559814 ], [ -9.334856425028946, 38.727777 ] ] ] ] } },
{ "type": "Feature", "properties": { "station_id": "5ea8e501-e168-4ce1-adba-7953433b8823", "name": "Rua Joaquim Ereira N1498, 2750 Cascais, Portugal", "lat": 38.706366, "lon": -9.440359 }, "geometry": { "type": "MultiPolygon", "coordinates": [ [ [ [ -9.440301442273922, 38.706366 ], [ -9.440305823594938, 38.706383188440192 ], [ -9.44031830054158, 38.706397760096173 ], [ -9.440336973611826, 38.706407496565419 ], [ -9.440359, 38.706410915558749 ], [ -9.440381026388176, 38.706407496565419 ], [ -9.440399699458421, 38.706397760096173 ], [ -9.440412176405063, 38.706383188440192 ], [ -9.440416557726079, 38.706366 ], [ -9.440412176405063, 38.706348811559813 ], [ -9.440399699458421, 38.706334239903832 ], [ -9.440381026388176, 38.706324503434587 ], [ -9.440359, 38.706321084441257 ], [ -9.440336973611826, 38.706324503434587 ], [ -9.44031830054158, 38.706334239903832 ], [ -9.440305823594938, 38.706348811559813 ], [ -9.440301442273922, 38.706366 ] ] ] ] } },
{ "type": "Feature", "properties": { "station_id": "32766bec-b3a9-4c3c-93e1-385704b98f36", "name": "Av. Dr. Morais Sarmento 25, 2755-286 Alcabideche, Portugal", "lat": 38.712139, "lon": -9.414028 }, "geometry": { "type": "MultiPolygon", "coordinates": [ [ [ [ -9.413970437626006, 38.712139 ], [ -9.413974819300824, 38.71215618844019 ], [ -9.413987297255007, 38.712170760096171 ], [ -9.414005971833145, 38.712180496565416 ], [ -9.414028, 38.712183915558747 ], [ -9.414050028166855, 38.712180496565416 ], [ -9.414068702744993, 38.712170760096171 ], [ -9.414081180699176, 38.71215618844019 ], [ -9.414085562373995, 38.712139 ], [ -9.414081180699176, 38.712121811559811 ], [ -9.414068702744993, 38.71210723990383 ], [ -9.414050028166855, 38.712097503434585 ], [ -9.414028, 38.712094084441254 ], [ -9.414005971833145, 38.712097503434585 ], [ -9.413987297255007, 38.71210723990383 ], [ -9.413974819300824, 38.712121811559811 ], [ -9.413970437626006, 38.712139 ] ] ] ] } },
{ "type": "Feature", "properties": { "station_id": "3bb93f69-a46e-4876-8cc5-807ea693900e", "name": "R. Machado dos Santos 2, 2775-236 Parede, Portugal", "lat": 38.689252446158697, "lon": -9.3464815521832847 }, "geometry": { "type": "MultiPolygon", "coordinates": [ [ [ [ -9.34643551701882, 38.689252446158697 ], [ -9.34643902123706, 38.68926619691085 ], [ -9.346449000406318, 38.689277854235634 ], [ -9.346463935288538, 38.689285643411033 ], [ -9.346481552183285, 38.689288378605696 ], [ -9.346499169078031, 38.689285643411033 ], [ -9.346514103960251, 38.689277854235634 ], [ -9.346524083129509, 38.68926619691085 ], [ -9.346527587347749, 38.689252446158697 ], [ -9.346524083129509, 38.689238695406544 ], [ -9.346514103960251, 38.689227038081761 ], [ -9.346499169078031, 38.689219248906362 ], [ -9.346481552183285, 38.689216513711699 ], [ -9.346463935288538, 38.689219248906362 ], [ -9.346449000406318, 38.689227038081761 ], [ -9.34643902123706, 38.689238695406544 ], [ -9.34643551701882, 38.689252446158697 ] ] ] ] } },
{ "type": "Feature", "properties": { "station_id": "d55b8141-32fc-4d74-b8e3-04ff209e89d5", "name": "R. Marquês Pombal 276, 2775-373 Parede, Portugal", "lat": 38.688926528669448, "lon": -9.3567261712946621 }, "geometry": { "type": "MultiPolygon", "coordinates": [ [ [ [ -9.356668627601218, 38.688926528669448 ], [ -9.356673007854065, 38.688943717109638 ], [ -9.356685481758813, 38.688958288765619 ], [ -9.356704150276544, 38.688968025234864 ], [ -9.356726171294662, 38.688971444228194 ], [ -9.35674819231278, 38.688968025234864 ], [ -9.356766860830511, 38.688958288765619 ], [ -9.356779334735259, 38.688943717109638 ], [ -9.356783714988106, 38.688926528669448 ], [ -9.356779334735259, 38.688909340229259 ], [ -9.356766860830511, 38.688894768573277 ], [ -9.35674819231278, 38.688885032104032 ], [ -9.356726171294662, 38.688881613110702 ], [ -9.356704150276544, 38.688885032104032 ], [ -9.356685481758813, 38.688894768573277 ], [ -9.356673007854065, 38.688909340229259 ], [ -9.356668627601218, 38.688926528669448 ] ] ] ] } },
{ "type": "Feature", "properties": { "station_id": "b636272d-9195-4ec1-ba1a-f97283997cc9", "name": "Rua Carrascal frent.Estrada Sal., 2645 Alcabideche, Portugal", "lat": 38.737422, "lon": -9.360861 }, "geometry": { "type": "MultiPolygon", "coordinates": [ [ [ [ -9.360803417254608, 38.737422 ], [ -9.360807800480107, 38.737439188440192 ], [ -9.360820282850254, 38.737453760096173 ], [ -9.360838964037349, 38.737463496565418 ], [ -9.360861, 38.737466915558748 ], [ -9.360883035962651, 38.737463496565418 ], [ -9.360901717149746, 38.737453760096173 ], [ -9.360914199519893, 38.737439188440192 ], [ -9.360918582745391, 38.737422 ], [ -9.360914199519893, 38.737404811559813 ], [ -9.360901717149746, 38.737390239903831 ], [ -9.360883035962651, 38.737380503434586 ], [ -9.360861, 38.737377084441256 ], [ -9.360838964037349, 38.737380503434586 ], [ -9.360820282850254, 38.737390239903831 ], [ -9.360807800480107, 38.737404811559813 ], [ -9.360803417254608, 38.737422 ] ] ] ] } },
{ "type": "Feature", "properties": { "station_id": "f3dd3e3a-cab6-4a8d-8d4d-f21fd4aa9801", "name": "Av. Nossa Senhora dos Remédios 12, 2775-611 Carcavelos, Portugal", "lat": 38.690611, "lon": -9.336667 }, "geometry": { "type": "MultiPolygon", "coordinates": [ [ [ [ -9.336609454951681, 38.690611 ], [ -9.336613835307661, 38.690628188440186 ], [ -9.33662630950611, 38.690642760096168 ], [ -9.336644978463394, 38.690652496565413 ], [ -9.336667, 38.690655915558743 ], [ -9.336689021536607, 38.690652496565413 ], [ -9.33670769049389, 38.690642760096168 ], [ -9.336720164692339, 38.690628188440186 ], [ -9.33672454504832, 38.690611 ], [ -9.336720164692339, 38.690593811559808 ], [ -9.33670769049389, 38.690579239903826 ], [ -9.336689021536607, 38.690569503434581 ], [ -9.336667, 38.690566084441251 ], [ -9.336644978463394, 38.690569503434581 ], [ -9.33662630950611, 38.690579239903826 ], [ -9.336613835307661, 38.690593811559808 ], [ -9.336609454951681, 38.690611 ] ] ] ] } },
{ "type": "Feature", "properties": { "station_id": "52b12c58-7d8e-4b6a-8023-6de1ec686e0d", "name": "Av. Marginal 6, 2775-604 Carcavelos, Portugal", "lat": 38.681247, "lon": -9.338836 }, "geometry": { "type": "MultiPolygon", "coordinates": [ [ [ [ -9.338778462482013, 38.681247 ], [ -9.338782842264781, 38.681264188440188 ], [ -9.338795314830859, 38.68127876009617 ], [ -9.338813981345128, 38.681288496565415 ], [ -9.338836, 38.681291915558745 ], [ -9.338858018654873, 38.681288496565415 ], [ -9.338876685169142, 38.68127876009617 ], [ -9.33888915773522, 38.681264188440188 ], [ -9.338893537517988, 38.681247 ], [ -9.33888915773522, 38.68122981155981 ], [ -9.338876685169142, 38.681215239903828 ], [ -9.338858018654873, 38.681205503434583 ], [ -9.338836, 38.681202084441253 ], [ -9.338813981345128, 38.681205503434583 ], [ -9.338795314830859, 38.681215239903828 ], [ -9.338782842264781, 38.68122981155981 ], [ -9.338778462482013, 38.681247 ] ] ] ] } },
{ "type": "Feature", "properties": { "station_id": "32325ba2-47a5-4c49-a819-59bd50c68bbb", "name": "Carcavelos (Sbe), 2775 Carcavelos, Portugal", "lat": 38.679809061962366, "lon": -9.3277577556818496 }, "geometry": { "type": "MultiPolygon", "coordinates": [ [ [ [ -9.3277117265923, 38.679809061962366 ], [ -9.327715230348115, 38.679822812714519 ], [ -9.327725208200498, 38.679834470039303 ], [ -9.327740141111873, 38.679842259214702 ], [ -9.32775775568185, 38.679844994409365 ], [ -9.327775370251826, 38.679842259214702 ], [ -9.327790303163201, 38.679834470039303 ], [ -9.327800281015584, 38.679822812714519 ], [ -9.327803784771399, 38.679809061962366 ], [ -9.327800281015584, 38.679795311210214 ], [ -9.327790303163201, 38.67978365388543 ], [ -9.327775370251826, 38.679775864710031 ], [ -9.32775775568185, 38.679773129515368 ], [ -9.327740141111873, 38.679775864710031 ], [ -9.327725208200498, 38.67978365388543 ], [ -9.327715230348115, 38.679795311210214 ], [ -9.3277117265923, 38.679809061962366 ] ] ] ] } },
{ "type": "Feature", "properties": { "station_id": "0fbec2e6-48ba-4283-b3e8-ea9d9c1437ba", "name": "Av. Sabóia 1017A, 2765-580 Estoril, Portugal", "lat": 38.709411569919062, "lon": -9.4056393469537856 }, "geometry": { "type": "MultiPolygon", "coordinates": [ [ [ [ -9.405581786775846, 38.709411569919062 ], [ -9.405586168283499, 38.709428758359252 ], [ -9.405598645761637, 38.709443330015233 ], [ -9.405617319627325, 38.709453066484478 ], [ -9.405639346953786, 38.709456485477808 ], [ -9.405661374280246, 38.709453066484478 ], [ -9.405680048145934, 38.709443330015233 ], [ -9.405692525624072, 38.709428758359252 ], [ -9.405696907131725, 38.709411569919062 ], [ -9.405692525624072, 38.709394381478873 ], [ -9.405680048145934, 38.709379809822892 ], [ -9.405661374280246, 38.709370073353647 ], [ -9.405639346953786, 38.709366654360316 ], [ -9.405617319627325, 38.709370073353647 ], [ -9.405598645761637, 38.709379809822892 ], [ -9.405586168283499, 38.709394381478873 ], [ -9.405581786775846, 38.709411569919062 ] ] ] ] } },
{ "type": "Feature", "properties": { "station_id": "82528f7a-f33e-4395-91ca-f11462369581", "name": "Praça David Mourão Ferreira 601, 2785-720 São Domingos de Rana, Portugal", "lat": 38.728034594985012, "lon": -9.3281809422394737 }, "geometry": { "type": "MultiPolygon", "coordinates": [ [ [ [ -9.328134882096561, 38.728034594985012 ], [ -9.328138388216173, 38.728048345737164 ], [ -9.328148372800078, 38.728060003061948 ], [ -9.328163315785888, 38.728067792237347 ], [ -9.328180942239474, 38.72807052743201 ], [ -9.328198568693059, 38.728067792237347 ], [ -9.32821351167887, 38.728060003061948 ], [ -9.328223496262774, 38.728048345737164 ], [ -9.328227002382386, 38.728034594985012 ], [ -9.328223496262774, 38.728020844232859 ], [ -9.32821351167887, 38.728009186908075 ], [ -9.328198568693059, 38.728001397732676 ], [ -9.328180942239474, 38.727998662538013 ], [ -9.328163315785888, 38.728001397732676 ], [ -9.328148372800078, 38.728009186908075 ], [ -9.328138388216173, 38.728020844232859 ], [ -9.328134882096561, 38.728034594985012 ] ] ] ] } },
{ "type": "Feature", "properties": { "station_id": "141f27be-fddd-4668-96c1-cecc9b07a2b1", "name": "R. de Matarraque 390, 2785-694 São Domingos de Rana, Portugal", "lat": 38.70688052129438, "lon": -9.3506574414989387 }, "geometry": { "type": "MultiPolygon", "coordinates": [ [ [ [ -9.350611394986721, 38.70688052129438 ], [ -9.350614900068758, 38.706894272046533 ], [ -9.3506248816979, 38.706905929371317 ], [ -9.350639820261595, 38.706913718546716 ], [ -9.350657441498939, 38.706916453741378 ], [ -9.350675062736283, 38.706913718546716 ], [ -9.350690001299977, 38.706905929371317 ], [ -9.35069998292912, 38.706894272046533 ], [ -9.350703488011156, 38.70688052129438 ], [ -9.35069998292912, 38.706866770542227 ], [ -9.350690001299977, 38.706855113217443 ], [ -9.350675062736283, 38.706847324042045 ], [ -9.350657441498939, 38.706844588847382 ], [ -9.350639820261595, 38.706847324042045 ], [ -9.3506248816979, 38.706855113217443 ], [ -9.350614900068758, 38.706866770542227 ], [ -9.350611394986721, 38.70688052129438 ] ] ] ] } },
{ "type": "Feature", "properties": { "station_id": "0ddab214-2083-47eb-b261-6c3e99cb55dc", "name": "R. Principal 7A, 2785-261 São Domingos de Rana, Portugal", "lat": 38.711169, "lon": -9.330469 }, "geometry": { "type": "MultiPolygon", "coordinates": [ [ [ [ -9.33041143840706, 38.711169 ], [ -9.330415820022424, 38.711186188440188 ], [ -9.330428297807297, 38.711200760096169 ], [ -9.330446972132041, 38.711210496565414 ], [ -9.330469, 38.711213915558744 ], [ -9.330491027867961, 38.711210496565414 ], [ -9.330509702192705, 38.711200760096169 ], [ -9.330522179977578, 38.711186188440188 ], [ -9.330526561592942, 38.711169 ], [ -9.330522179977578, 38.711151811559809 ], [ -9.330509702192705, 38.711137239903827 ], [ -9.330491027867961, 38.711127503434582 ], [ -9.330469, 38.711124084441252 ], [ -9.330446972132041, 38.711127503434582 ], [ -9.330428297807297, 38.711137239903827 ], [ -9.330415820022424, 38.711151811559809 ], [ -9.33041143840706, 38.711169 ] ] ] ] } },
{ "type": "Feature", "properties": { "station_id": "8aedca98-eefb-478e-84c9-aa7dc4c23613", "name": "Alameda Duquesa de Palmela 29a, 2750-642 Cascais, Portugal", "lat": 38.701354279998299, "lon": -9.4141961004139407 }, "geometry": { "type": "MultiPolygon", "coordinates": [ [ [ [ -9.414150057460212, 38.701354279998299 ], [ -9.414153562271375, 38.701368030750452 ], [ -9.414163543129133, 38.701379688075235 ], [ -9.414178480538371, 38.701387477250634 ], [ -9.414196100413941, 38.701390212445297 ], [ -9.41421372028951, 38.701387477250634 ], [ -9.414228657698748, 38.701379688075235 ], [ -9.414238638556506, 38.701368030750452 ], [ -9.41424214336767, 38.701354279998299 ], [ -9.414238638556506, 38.701340529246146 ], [ -9.414228657698748, 38.701328871921362 ], [ -9.41421372028951, 38.701321082745963 ], [ -9.414196100413941, 38.7013183475513 ], [ -9.414178480538371, 38.701321082745963 ], [ -9.414163543129133, 38.701328871921362 ], [ -9.414153562271375, 38.701340529246146 ], [ -9.414150057460212, 38.701354279998299 ] ] ] ] } },
{ "type": "Feature", "properties": { "station_id": "a4bbcf8d-8dc0-4992-b096-1eef835be2a5", "name": "R. Frei Nicolau de Oliveira 33, 2750 Cascais, Portugal", "lat": 38.690508, "lon": -9.422944 }, "geometry": { "type": "MultiPolygon", "coordinates": [ [ [ [ -9.422897964027623, 38.690508 ], [ -9.422901468307362, 38.690521750752154 ], [ -9.422911447651753, 38.690533408076938 ], [ -9.422926382796078, 38.690541197252337 ], [ -9.422944, 38.690543932447 ], [ -9.422961617203921, 38.690541197252337 ], [ -9.422976552348246, 38.690533408076938 ], [ -9.422986531692636, 38.690521750752154 ], [ -9.422990035972376, 38.690508 ], [ -9.422986531692636, 38.690494249247848 ], [ -9.422976552348246, 38.690482591923065 ], [ -9.422961617203921, 38.690474802747666 ], [ -9.422944, 38.690472067553003 ], [ -9.422926382796078, 38.690474802747666 ], [ -9.422911447651753, 38.690482591923065 ], [ -9.422901468307362, 38.690494249247848 ], [ -9.422897964027623, 38.690508 ] ] ] ] } },
{ "type": "Feature", "properties": { "station_id": "5e863cc0-9433-41cc-880a-6737854fa947", "name": "Av. Rei Humberto II de Itália 31, 2750-341 Cascais, Portugal", "lat": 38.691337, "lon": -9.421836 }, "geometry": { "type": "MultiPolygon", "coordinates": [ [ [ [ -9.421789963494161, 38.691337 ], [ -9.421793467814508, 38.69135075075215 ], [ -9.42180344727454, 38.691362408076934 ], [ -9.421818382591931, 38.691370197252333 ], [ -9.421836, 38.691372932446995 ], [ -9.42185361740807, 38.691370197252333 ], [ -9.421868552725462, 38.691362408076934 ], [ -9.421878532185493, 38.69135075075215 ], [ -9.42188203650584, 38.691337 ], [ -9.421878532185493, 38.691323249247844 ], [ -9.421868552725462, 38.691311591923061 ], [ -9.42185361740807, 38.691303802747662 ], [ -9.421836, 38.691301067552999 ], [ -9.421818382591931, 38.691303802747662 ], [ -9.42180344727454, 38.691311591923061 ], [ -9.421793467814508, 38.691323249247844 ], [ -9.421789963494161, 38.691337 ] ] ] ] } },
{ "type": "Feature", "properties": { "station_id": "b23b1ac5-0a2f-4e47-96be-56a50ad0a9b2", "name": "R. Alto da Maceira 3, 2750-374 Cascais, Portugal", "lat": 38.693996312756774, "lon": -9.4356353240951893 }, "geometry": { "type": "MultiPolygon", "coordinates": [ [ [ [ -9.43557777632361, 38.693996312756774 ], [ -9.435582156886886, 38.694013501196963 ], [ -9.435594631675663, 38.694028072852944 ], [ -9.435613301516437, 38.69403780932219 ], [ -9.435635324095189, 38.69404122831552 ], [ -9.435657346673942, 38.69403780932219 ], [ -9.435676016514716, 38.694028072852944 ], [ -9.435688491303493, 38.694013501196963 ], [ -9.435692871866769, 38.693996312756774 ], [ -9.435688491303493, 38.693979124316584 ], [ -9.435676016514716, 38.693964552660603 ], [ -9.435657346673942, 38.693954816191358 ], [ -9.435635324095189, 38.693951397198028 ], [ -9.435613301516437, 38.693954816191358 ], [ -9.435594631675663, 38.693964552660603 ], [ -9.435582156886886, 38.693979124316584 ], [ -9.43557777632361, 38.693996312756774 ] ] ] ] } },
{ "type": "Feature", "properties": { "station_id": "cb6a6b5c-f610-44a9-843d-b438e2751282", "name": "R. das Clementinas 72A, 2775-271 Parede, Portugal", "lat": 38.689902, "lon": -9.356535 }, "geometry": { "type": "MultiPolygon", "coordinates": [ [ [ [ -9.356477455521965, 38.689902 ], [ -9.356481835834535, 38.689919188440186 ], [ -9.356494309909362, 38.689933760096167 ], [ -9.356512978681632, 38.689943496565412 ], [ -9.356535, 38.689946915558743 ], [ -9.356557021318366, 38.689943496565412 ], [ -9.356575690090636, 38.689933760096167 ], [ -9.356588164165464, 38.689919188440186 ], [ -9.356592544478033, 38.689902 ], [ -9.356588164165464, 38.689884811559807 ], [ -9.356575690090636, 38.689870239903826 ], [ -9.356557021318366, 38.689860503434581 ], [ -9.356535, 38.68985708444125 ], [ -9.356512978681632, 38.689860503434581 ], [ -9.356494309909362, 38.689870239903826 ], [ -9.356481835834535, 38.689884811559807 ], [ -9.356477455521965, 38.689902 ] ] ] ] } },
{ "type": "Feature", "properties": { "station_id": "19d6f3b7-4a01-4fe2-87cf-992f74231452", "name": "Av. Maria da Conceição 8, 2775-606 Carcavelos, Portugal", "lat": 38.687918, "lon": -9.337607 }, "geometry": { "type": "MultiPolygon", "coordinates": [ [ [ [ -9.337560965694156, 38.687918 ], [ -9.337564469847036, 38.687931750752156 ], [ -9.33757444883017, 38.68794340807694 ], [ -9.337589383433833, 38.687951197252339 ], [ -9.337607, 38.687953932447002 ], [ -9.337624616566167, 38.687951197252339 ], [ -9.337639551169831, 38.68794340807694 ], [ -9.337649530152964, 38.687931750752156 ], [ -9.337653034305845, 38.687918 ], [ -9.337649530152964, 38.68790424924785 ], [ -9.337639551169831, 38.687892591923067 ], [ -9.337624616566167, 38.687884802747668 ], [ -9.337607, 38.687882067553005 ], [ -9.337589383433833, 38.687884802747668 ], [ -9.33757444883017, 38.687892591923067 ], [ -9.337564469847036, 38.68790424924785 ], [ -9.337560965694156, 38.687918 ] ] ] ] } },
{ "type": "Feature", "properties": { "station_id": "79f1c6e6-0d24-465a-92e7-17795575aaf3", "name": "Av. Esmeraldas a239, 2735-811 São Domingos de Rana, Portugal", "lat": 38.71116, "lon": -9.32776 }, "geometry": { "type": "MultiPolygon", "coordinates": [ [ [ [ -9.327702438414304, 38.71116 ], [ -9.327706820029118, 38.711177188440189 ], [ -9.327719297812418, 38.71119176009617 ], [ -9.327737972134813, 38.711201496565415 ], [ -9.32776, 38.711204915558746 ], [ -9.327782027865187, 38.711201496565415 ], [ -9.327800702187581, 38.71119176009617 ], [ -9.327813179970882, 38.711177188440189 ], [ -9.327817561585695, 38.71116 ], [ -9.327813179970882, 38.71114281155981 ], [ -9.327800702187581, 38.711128239903829 ], [ -9.327782027865187, 38.711118503434584 ], [ -9.32776, 38.711115084441253 ], [ -9.327737972134813, 38.711118503434584 ], [ -9.327719297812418, 38.711128239903829 ], [ -9.327706820029118, 38.71114281155981 ], [ -9.327702438414304, 38.71116 ] ] ] ] } },
{ "type": "Feature", "properties": { "station_id": "6fa8b9bf-bd0c-480f-9d69-0cf995981544", "name": "Alameda da Guia 1, 2750-423 Cascais, Portugal", "lat": 38.69776, "lon": -9.436822 }, "geometry": { "type": "MultiPolygon", "coordinates": [ [ [ [ -9.436775959360194, 38.69776 ], [ -9.436779463995219, 38.697773750752155 ], [ -9.436789444351383, 38.697785408076939 ], [ -9.43680438100993, 38.697793197252338 ], [ -9.436822, 38.697795932447001 ], [ -9.436839618990069, 38.697793197252338 ], [ -9.436854555648615, 38.697785408076939 ], [ -9.43686453600478, 38.697773750752155 ], [ -9.436868040639805, 38.69776 ], [ -9.43686453600478, 38.697746249247849 ], [ -9.436854555648615, 38.697734591923066 ], [ -9.436839618990069, 38.697726802747667 ], [ -9.436822, 38.697724067553004 ], [ -9.43680438100993, 38.697726802747667 ], [ -9.436789444351383, 38.697734591923066 ], [ -9.436779463995219, 38.697746249247849 ], [ -9.436775959360194, 38.69776 ] ] ] ] } },
{ "type": "Feature", "properties": { "station_id": "339ef297-fe66-4dd3-9f32-c6b5aba6f465", "name": "Centro Comercial Riyadh, Lj.24, Av. Gaspar Corte Real 198A Lj. 24, 2750-164 Cascais, Portugal", "lat": 38.701346, "lon": -9.436476 }, "geometry": { "type": "MultiPolygon", "coordinates": [ [ [ [ -9.436418446314503, 38.701346 ], [ -9.436422827327949, 38.70136318844019 ], [ -9.436435303398703, 38.701377760096172 ], [ -9.43645397515809, 38.701387496565417 ], [ -9.436476, 38.701390915558747 ], [ -9.436498024841912, 38.701387496565417 ], [ -9.436516696601299, 38.701377760096172 ], [ -9.436529172672053, 38.70136318844019 ], [ -9.436533553685498, 38.701346 ], [ -9.436529172672053, 38.701328811559812 ], [ -9.436516696601299, 38.70131423990383 ], [ -9.436498024841912, 38.701304503434585 ], [ -9.436476, 38.701301084441255 ], [ -9.43645397515809, 38.701304503434585 ], [ -9.436435303398703, 38.70131423990383 ], [ -9.436422827327949, 38.701328811559812 ], [ -9.436418446314503, 38.701346 ] ] ] ] } },
{ "type": "Feature", "properties": { "station_id": "1c2b4ba5-0e0b-4fbe-b4f8-a8357a711c91", "name": "R. Almada Negreiros 345, São João do Estoril, 2765-088 Estoril, Portugal", "lat": 38.704297989211796, "lon": -9.3786136424654849 }, "geometry": { "type": "MultiPolygon", "coordinates": [ [ [ [ -9.378556086404064, 38.704297989211796 ], [ -9.378560467598366, 38.704315177651985 ], [ -9.378572944184155, 38.704329749307966 ], [ -9.378591616714347, 38.704339485777211 ], [ -9.378613642465485, 38.704342904770542 ], [ -9.378635668216623, 38.704339485777211 ], [ -9.378654340746815, 38.704329749307966 ], [ -9.378666817332604, 38.704315177651985 ], [ -9.378671198526906, 38.704297989211796 ], [ -9.378666817332604, 38.704280800771606 ], [ -9.378654340746815, 38.704266229115625 ], [ -9.378635668216623, 38.70425649264638 ], [ -9.378613642465485, 38.704253073653049 ], [ -9.378591616714347, 38.70425649264638 ], [ -9.378572944184155, 38.704266229115625 ], [ -9.378560467598366, 38.704280800771606 ], [ -9.378556086404064, 38.704297989211796 ] ] ] ] } },
{ "type": "Feature", "properties": { "station_id": "80eea954-6e00-4ad4-8078-218e016e1155", "name": "Escola Sec. Cascais, 2750-642 Cascais, Portugal", "lat": 38.697167, "lon": -9.433905 }, "geometry": { "type": "MultiPolygon", "coordinates": [ [ [ [ -9.433858959741915, 38.697167 ], [ -9.433862464347884, 38.697180750752153 ], [ -9.433872444621301, 38.697192408076937 ], [ -9.433887381156008, 38.697200197252336 ], [ -9.433905, 38.697202932446999 ], [ -9.43392261884399, 38.697200197252336 ], [ -9.433937555378698, 38.697192408076937 ], [ -9.433947535652115, 38.697180750752153 ], [ -9.433951040258084, 38.697167 ], [ -9.433947535652115, 38.697153249247847 ], [ -9.433937555378698, 38.697141591923064 ], [ -9.43392261884399, 38.697133802747665 ], [ -9.433905, 38.697131067553002 ], [ -9.433887381156008, 38.697133802747665 ], [ -9.433872444621301, 38.697141591923064 ], [ -9.433862464347884, 38.697153249247847 ], [ -9.433858959741915, 38.697167 ] ] ] ] } },
{ "type": "Feature", "properties": { "station_id": "369a331d-7919-4bd1-b5c8-d474fba525fd", "name": "Av. 25 de Abril 70, 2750-512 Cascais, Portugal", "lat": 38.697645348018568, "lon": -9.429506456332474 }, "geometry": { "type": "MultiPolygon", "coordinates": [ [ [ [ -9.429460415766473, 38.697645348018568 ], [ -9.429463920395881, 38.697659098770721 ], [ -9.429473900736046, 38.697670756095505 ], [ -9.429488837370648, 38.697678545270904 ], [ -9.429506456332474, 38.697681280465567 ], [ -9.429524075294299, 38.697678545270904 ], [ -9.429539011928902, 38.697670756095505 ], [ -9.429548992269067, 38.697659098770721 ], [ -9.429552496898475, 38.697645348018568 ], [ -9.429548992269067, 38.697631597266415 ], [ -9.429539011928902, 38.697619939941632 ], [ -9.429524075294299, 38.697612150766233 ], [ -9.429506456332474, 38.69760941557157 ], [ -9.429488837370648, 38.697612150766233 ], [ -9.429473900736046, 38.697619939941632 ], [ -9.429463920395881, 38.697631597266415 ], [ -9.429460415766473, 38.697645348018568 ] ] ] ] } },
{ "type": "Feature", "properties": { "station_id": "af86d4bd-df35-4b09-909b-d57e775b8fad", "name": "Largo Amália Rodrigues 3, 2765-255 Estoril, Portugal", "lat": 38.70358523639873, "lon": -9.3910785129722409 }, "geometry": { "type": "MultiPolygon", "coordinates": [ [ [ [ -9.391020957484514, 38.70358523639873 ], [ -9.391025338635146, 38.70360242483892 ], [ -9.391037815096574, 38.703616996494901 ], [ -9.391056487440647, 38.703626732964146 ], [ -9.391078512972241, 38.703630151957476 ], [ -9.391100538503835, 38.703626732964146 ], [ -9.391119210847908, 38.703616996494901 ], [ -9.391131687309336, 38.70360242483892 ], [ -9.391136068459968, 38.70358523639873 ], [ -9.391131687309336, 38.703568047958541 ], [ -9.391119210847908, 38.703553476302559 ], [ -9.391100538503835, 38.703543739833314 ], [ -9.391078512972241, 38.703540320839984 ], [ -9.391056487440647, 38.703543739833314 ], [ -9.391037815096574, 38.703553476302559 ], [ -9.391025338635146, 38.703568047958541 ], [ -9.391020957484514, 38.70358523639873 ] ] ] ] } },
{ "type": "Feature", "properties": { "station_id": "e6e7642b-ca24-447f-8a3f-cd9e729ee134", "name": "R. Prof. Dias Valente 291, 2765 Estoril, Portugal", "lat": 38.715118226360246, "lon": -9.405248567340676 }, "geometry": { "type": "MultiPolygon", "coordinates": [ [ [ [ -9.405191002567546, 38.715118226360246 ], [ -9.405195384424989, 38.715135414800436 ], [ -9.405207862899239, 38.715149986456417 ], [ -9.405226538255711, 38.715159722925662 ], [ -9.405248567340676, 38.715163141918993 ], [ -9.405270596425641, 38.715159722925662 ], [ -9.405289271782113, 38.715149986456417 ], [ -9.405301750256363, 38.715135414800436 ], [ -9.405306132113806, 38.715118226360246 ], [ -9.405301750256363, 38.715101037920057 ], [ -9.405289271782113, 38.715086466264076 ], [ -9.405270596425641, 38.715076729794831 ], [ -9.405248567340676, 38.7150733108015 ], [ -9.405226538255711, 38.715076729794831 ], [ -9.405207862899239, 38.715086466264076 ], [ -9.405195384424989, 38.715101037920057 ], [ -9.405191002567546, 38.715118226360246 ] ] ] ] } },
{ "type": "Feature", "properties": { "station_id": "0d4d9e57-3af0-4ac4-934c-afb4e8319f9d", "name": "S. João do Estoril - Estação, 2765-460 Estoril, Portugal", "lat": 38.70125269931296, "lon": -9.3851439825748173 }, "geometry": { "type": "MultiPolygon", "coordinates": [ [ [ [ -9.385097939686489, 38.70125269931296 ], [ -9.385101444492673, 38.701266450065113 ], [ -9.385111425336255, 38.701278107389896 ], [ -9.385126362724275, 38.701285896565295 ], [ -9.385143982574817, 38.701288631759958 ], [ -9.385161602425359, 38.701285896565295 ], [ -9.385176539813379, 38.701278107389896 ], [ -9.385186520656962, 38.701266450065113 ], [ -9.385190025463146, 38.70125269931296 ], [ -9.385186520656962, 38.701238948560807 ], [ -9.385176539813379, 38.701227291236023 ], [ -9.385161602425359, 38.701219502060624 ], [ -9.385143982574817, 38.701216766865961 ], [ -9.385126362724275, 38.701219502060624 ], [ -9.385111425336255, 38.701227291236023 ], [ -9.385101444492673, 38.701238948560807 ], [ -9.385097939686489, 38.70125269931296 ] ] ] ] } },
{ "type": "Feature", "properties": { "station_id": "27c90a88-f321-4cbe-b743-4b96e6aaf45c", "name": "Av. do Ultramar 1E, 2750-421 Cascais, Portugal", "lat": 38.699237, "lon": -9.42368 }, "geometry": { "type": "MultiPolygon", "coordinates": [ [ [ [ -9.423622448011727, 38.699237 ], [ -9.42362682889598, 38.699254188440186 ], [ -9.42363930459882, 38.699268760096167 ], [ -9.423657975807588, 38.699278496565412 ], [ -9.42368, 38.699281915558743 ], [ -9.42370202419241, 38.699278496565412 ], [ -9.423720695401178, 38.699268760096167 ], [ -9.423733171104018, 38.699254188440186 ], [ -9.423737551988271, 38.699237 ], [ -9.423733171104018, 38.699219811559807 ], [ -9.423720695401178, 38.699205239903826 ], [ -9.42370202419241, 38.699195503434581 ], [ -9.42368, 38.69919208444125 ], [ -9.423657975807588, 38.699195503434581 ], [ -9.42363930459882, 38.699205239903826 ], [ -9.42362682889598, 38.699219811559807 ], [ -9.423622448011727, 38.699237 ] ] ] ] } },
{ "type": "Feature", "properties": { "station_id": "aff2f67f-6569-4107-a037-57ee58f646b4", "name": "R. Manuel Correia 14, 2750-642 Cascais, Portugal", "lat": 38.707541, "lon": -9.421049 }, "geometry": { "type": "MultiPolygon", "coordinates": [ [ [ [ -9.421002953062418, 38.707541 ], [ -9.421006458176834, 38.707554750752152 ], [ -9.421016439898183, 38.707566408076936 ], [ -9.421031378599876, 38.707574197252335 ], [ -9.421049, 38.707576932446997 ], [ -9.421066621400124, 38.707574197252335 ], [ -9.421081560101817, 38.707566408076936 ], [ -9.421091541823166, 38.707554750752152 ], [ -9.421095046937582, 38.707541 ], [ -9.421091541823166, 38.707527249247846 ], [ -9.421081560101817, 38.707515591923062 ], [ -9.421066621400124, 38.707507802747664 ], [ -9.421049, 38.707505067553001 ], [ -9.421031378599876, 38.707507802747664 ], [ -9.421016439898183, 38.707515591923062 ], [ -9.421006458176834, 38.707527249247846 ], [ -9.421002953062418, 38.707541 ] ] ] ] } },
{ "type": "Feature", "properties": { "station_id": "9bf17e15-919b-479f-81ff-d1e76407a71f", "name": "Av. da República 48, 2750-374 Cascais, Portugal", "lat": 38.695605060159615, "lon": -9.43566877379949 }, "geometry": { "type": "MultiPolygon", "coordinates": [ [ [ [ -9.435622734546792, 38.695605060159615 ], [ -9.43562623907623, 38.695618810911768 ], [ -9.435636219131707, 38.695630468236551 ], [ -9.435651155340244, 38.69563825741195 ], [ -9.43566877379949, 38.695640992606613 ], [ -9.435686392258736, 38.69563825741195 ], [ -9.435701328467273, 38.695630468236551 ], [ -9.43571130852275, 38.695618810911768 ], [ -9.435714813052188, 38.695605060159615 ], [ -9.43571130852275, 38.695591309407462 ], [ -9.435701328467273, 38.695579652082678 ], [ -9.435686392258736, 38.695571862907279 ], [ -9.43566877379949, 38.695569127712616 ], [ -9.435651155340244, 38.695571862907279 ], [ -9.435636219131707, 38.695579652082678 ], [ -9.43562623907623, 38.695591309407462 ], [ -9.435622734546792, 38.695605060159615 ] ] ] ] } },
{ "type": "Feature", "properties": { "station_id": "2824b779-978b-4eb1-bdf7-cc1e0c9f2534", "name": "Estrada Nacional 249, 35, Km 4, 35, Cabra Figa, Lisboa, 2785-754 São Domingos de Rana, Portugal", "lat": 38.720952, "lon": -9.339132 }, "geometry": { "type": "MultiPolygon", "coordinates": [ [ [ [ -9.339074430527972, 38.720952 ], [ -9.339078812743097, 38.720969188440186 ], [ -9.33909129223594, 38.720983760096168 ], [ -9.339109969116844, 38.720993496565413 ], [ -9.339132, 38.720996915558743 ], [ -9.339154030883154, 38.720993496565413 ], [ -9.339172707764059, 38.720983760096168 ], [ -9.339185187256902, 38.720969188440186 ], [ -9.339189569472026, 38.720952 ], [ -9.339185187256902, 38.720934811559808 ], [ -9.339172707764059, 38.720920239903826 ], [ -9.339154030883154, 38.720910503434581 ], [ -9.339132, 38.720907084441251 ], [ -9.339109969116844, 38.720910503434581 ], [ -9.33909129223594, 38.720920239903826 ], [ -9.339078812743097, 38.720934811559808 ], [ -9.339074430527972, 38.720952 ] ] ] ] } },
{ "type": "Feature", "properties": { "station_id": "ce6ebb76-fdea-41cb-bfce-95549102f40c", "name": "Praça Fernando Lopes Graça 19B, 2785-625 São Domingos de Rana, Portugal", "lat": 38.714777834660438, "lon": -9.3490002431109733 }, "geometry": { "type": "MultiPolygon", "coordinates": [ [ [ [ -9.348954191511774, 38.714777834660438 ], [ -9.348957696981033, 38.714791585412591 ], [ -9.348967679712896, 38.714803242737375 ], [ -9.348982619926925, 38.714811031912774 ], [ -9.349000243110973, 38.714813767107437 ], [ -9.349017866295021, 38.714811031912774 ], [ -9.349032806509051, 38.714803242737375 ], [ -9.349042789240913, 38.714791585412591 ], [ -9.349046294710172, 38.714777834660438 ], [ -9.349042789240913, 38.714764083908285 ], [ -9.349032806509051, 38.714752426583502 ], [ -9.349017866295021, 38.714744637408103 ], [ -9.349000243110973, 38.71474190221344 ], [ -9.348982619926925, 38.714744637408103 ], [ -9.348967679712896, 38.714752426583502 ], [ -9.348957696981033, 38.714764083908285 ], [ -9.348954191511774, 38.714777834660438 ] ] ] ] } },
{ "type": "Feature", "properties": { "station_id": "2eaf7b68-5a57-492b-84e4-7f56411e5a24", "name": "Estrada da Alagoa, 2775-716 Carcavelos, Portugal", "lat": 38.694880366633399, "lon": -9.3384955432037078 }, "geometry": { "type": "MultiPolygon", "coordinates": [ [ [ [ -9.338449504417452, 38.694880366633399 ], [ -9.338453008911385, 38.694894117385552 ], [ -9.338462988865748, 38.694905774710335 ], [ -9.338477924922962, 38.694913563885734 ], [ -9.338495543203708, 38.694916299080397 ], [ -9.338513161484453, 38.694913563885734 ], [ -9.338528097541667, 38.694905774710335 ], [ -9.338538077496031, 38.694894117385552 ], [ -9.338541581989963, 38.694880366633399 ], [ -9.338538077496031, 38.694866615881246 ], [ -9.338528097541667, 38.694854958556462 ], [ -9.338513161484453, 38.694847169381063 ], [ -9.338495543203708, 38.6948444341864 ], [ -9.338477924922962, 38.694847169381063 ], [ -9.338462988865748, 38.694854958556462 ], [ -9.338453008911385, 38.694866615881246 ], [ -9.338449504417452, 38.694880366633399 ] ] ] ] } },
{ "type": "Feature", "properties": { "station_id": "d835fea5-74e4-411d-8a20-1fc6e8b01461", "name": "R. Juiz Carlos Lopes Quadros 3, 2775-694 Carcavelos, Portugal", "lat": 38.692285737005321, "lon": -9.3408127465685649 }, "geometry": { "type": "MultiPolygon", "coordinates": [ [ [ [ -9.340766709452183, 38.692285737005321 ], [ -9.340770213819004, 38.692299487757474 ], [ -9.340780193411385, 38.692311145082257 ], [ -9.340795128926851, 38.692318934257656 ], [ -9.340812746568565, 38.692321669452319 ], [ -9.340830364210278, 38.692318934257656 ], [ -9.340845299725745, 38.692311145082257 ], [ -9.340855279318125, 38.692299487757474 ], [ -9.340858783684947, 38.692285737005321 ], [ -9.340855279318125, 38.692271986253168 ], [ -9.340845299725745, 38.692260328928384 ], [ -9.340830364210278, 38.692252539752985 ], [ -9.340812746568565, 38.692249804558323 ], [ -9.340795128926851, 38.692252539752985 ], [ -9.340780193411385, 38.692260328928384 ], [ -9.340770213819004, 38.692271986253168 ], [ -9.340766709452183, 38.692285737005321 ] ] ] ] } },
{ "type": "Feature", "properties": { "station_id": "3e45eac6-d220-47d2-807d-fe6e372ab387", "name": "R. 25 de Abril 261b, 2785 São Domingos de Rana, Portugal", "lat": 38.718864253399495, "lon": -9.3423370793599716 }, "geometry": { "type": "MultiPolygon", "coordinates": [ [ [ [ -9.342291025127761, 38.718864253399495 ], [ -9.342294530797446, 38.718878004151648 ], [ -9.342304514100073, 38.718889661476432 ], [ -9.342319455168314, 38.718897450651831 ], [ -9.342337079359972, 38.718900185846493 ], [ -9.34235470355163, 38.718897450651831 ], [ -9.34236964461987, 38.718889661476432 ], [ -9.342379627922497, 38.718878004151648 ], [ -9.342383133592183, 38.718864253399495 ], [ -9.342379627922497, 38.718850502647342 ], [ -9.34236964461987, 38.718838845322558 ], [ -9.34235470355163, 38.71883105614716 ], [ -9.342337079359972, 38.718828320952497 ], [ -9.342319455168314, 38.71883105614716 ], [ -9.342304514100073, 38.718838845322558 ], [ -9.342294530797446, 38.718850502647342 ], [ -9.342291025127761, 38.718864253399495 ] ] ] ] } },
{ "type": "Feature", "properties": { "station_id": "bceb27da-d8d7-4f7b-aaeb-9d7b19d84be0", "name": "R. Visc. Olivais 1, 2750-800 Cascais, Portugal", "lat": 38.691060026550382, "lon": -9.4292067361261154 }, "geometry": { "type": "MultiPolygon", "coordinates": [ [ [ [ -9.429160699798512, 38.691060026550382 ], [ -9.429164204105291, 38.691073777302535 ], [ -9.429174183526687, 38.691085434627318 ], [ -9.429189118786255, 38.691093223802717 ], [ -9.429206736126115, 38.69109595899738 ], [ -9.429224353465976, 38.691093223802717 ], [ -9.429239288725544, 38.691085434627318 ], [ -9.42924926814694, 38.691073777302535 ], [ -9.429252772453719, 38.691060026550382 ], [ -9.42924926814694, 38.691046275798229 ], [ -9.429239288725544, 38.691034618473445 ], [ -9.429224353465976, 38.691026829298046 ], [ -9.429206736126115, 38.691024094103383 ], [ -9.429189118786255, 38.691026829298046 ], [ -9.429174183526687, 38.691034618473445 ], [ -9.429164204105291, 38.691046275798229 ], [ -9.429160699798512, 38.691060026550382 ] ] ] ] } },
{ "type": "Feature", "properties": { "station_id": "2ae5f543-d88d-4fad-9bfd-96899bf46b75", "name": "Rua do Viveiro 126, 2765-294 Estoril, Portugal", "lat": 38.708351, "lon": -9.404559 }, "geometry": { "type": "MultiPolygon", "coordinates": [ [ [ [ -9.404501440675924, 38.708351 ], [ -9.404505822118582, 38.70836818844019 ], [ -9.404518299411626, 38.708382760096171 ], [ -9.404536973000299, 38.708392496565416 ], [ -9.404559, 38.708395915558746 ], [ -9.404581026999702, 38.708392496565416 ], [ -9.404599700588376, 38.708382760096171 ], [ -9.40461217788142, 38.70836818844019 ], [ -9.404616559324078, 38.708351 ], [ -9.40461217788142, 38.708333811559811 ], [ -9.404599700588376, 38.70831923990383 ], [ -9.404581026999702, 38.708309503434585 ], [ -9.404559, 38.708306084441254 ], [ -9.404536973000299, 38.708309503434585 ], [ -9.404518299411626, 38.70831923990383 ], [ -9.404505822118582, 38.708333811559811 ], [ -9.404501440675924, 38.708351 ] ] ] ] } },
{ "type": "Feature", "properties": { "station_id": "2bd219bd-3a4f-4475-9022-9ddb0c8a9d87", "name": "Av. Clotilde 310, 2765-211 Estoril, Portugal", "lat": 38.706749400022339, "lon": -9.3965784572218674 }, "geometry": { "type": "MultiPolygon", "coordinates": [ [ [ [ -9.396532410794093, 38.706749400022339 ], [ -9.3965359158697, 38.706763150774492 ], [ -9.396545897480538, 38.706774808099276 ], [ -9.396560836016839, 38.706782597274675 ], [ -9.396578457221867, 38.706785332469337 ], [ -9.396596078426896, 38.706782597274675 ], [ -9.396611016963197, 38.706774808099276 ], [ -9.396620998574035, 38.706763150774492 ], [ -9.396624503649642, 38.706749400022339 ], [ -9.396620998574035, 38.706735649270186 ], [ -9.396611016963197, 38.706723991945402 ], [ -9.396596078426896, 38.706716202770004 ], [ -9.396578457221867, 38.706713467575341 ], [ -9.396560836016839, 38.706716202770004 ], [ -9.396545897480538, 38.706723991945402 ], [ -9.3965359158697, 38.706735649270186 ], [ -9.396532410794093, 38.706749400022339 ] ] ] ] } },
{ "type": "Feature", "properties": { "station_id": "9777d643-58b5-455e-be0a-15c7b865c5de", "name": "Av. da República 1469, 2775-271 Parede, Portugal", "lat": 38.690686, "lon": -9.356924 }, "geometry": { "type": "MultiPolygon", "coordinates": [ [ [ [ -9.356866454891353, 38.690686 ], [ -9.356870835251925, 38.690703188440189 ], [ -9.356883309463452, 38.69071776009617 ], [ -9.356901978440307, 38.690727496565415 ], [ -9.356924, 38.690730915558746 ], [ -9.356946021559692, 38.690727496565415 ], [ -9.356964690536547, 38.69071776009617 ], [ -9.356977164748074, 38.690703188440189 ], [ -9.356981545108646, 38.690686 ], [ -9.356977164748074, 38.69066881155981 ], [ -9.356964690536547, 38.690654239903829 ], [ -9.356946021559692, 38.690644503434584 ], [ -9.356924, 38.690641084441253 ], [ -9.356901978440307, 38.690644503434584 ], [ -9.356883309463452, 38.690654239903829 ], [ -9.356870835251925, 38.69066881155981 ], [ -9.356866454891353, 38.690686 ] ] ] ] } },
{ "type": "Feature", "properties": { "station_id": "f766c2ea-3368-4628-ad14-605f55e42182", "name": "R. Egas Moniz 144A, 2765-478 Estoril, Portugal", "lat": 38.698994786787324, "lon": -9.38065090719161 }, "geometry": { "type": "MultiPolygon", "coordinates": [ [ [ [ -9.38060486575692, 38.698994786787324 ], [ -9.380608370452453, 38.699008537539477 ], [ -9.380618350980926, 38.699020194864261 ], [ -9.380633287897352, 38.69902798403966 ], [ -9.38065090719161, 38.699030719234322 ], [ -9.380668526485868, 38.69902798403966 ], [ -9.380683463402294, 38.699020194864261 ], [ -9.380693443930767, 38.699008537539477 ], [ -9.3806969486263, 38.698994786787324 ], [ -9.380693443930767, 38.698981036035171 ], [ -9.380683463402294, 38.698969378710387 ], [ -9.380668526485868, 38.698961589534989 ], [ -9.38065090719161, 38.698958854340326 ], [ -9.380633287897352, 38.698961589534989 ], [ -9.380618350980926, 38.698969378710387 ], [ -9.380608370452453, 38.698981036035171 ], [ -9.38060486575692, 38.698994786787324 ] ] ] ] } },
{ "type": "Feature", "properties": { "station_id": "4f25619a-dc9f-4f5c-bcc0-29132c5863c1", "name": "Estr. Rebelva 974, 2775 Carcavelos, Portugal", "lat": 38.69873, "lon": -9.341031 }, "geometry": { "type": "MultiPolygon", "coordinates": [ [ [ [ -9.34097344841971, 38.69873 ], [ -9.340977829272907, 38.698747188440187 ], [ -9.34099030488731, 38.698761760096168 ], [ -9.341008975963716, 38.698771496565413 ], [ -9.341031, 38.698774915558744 ], [ -9.341053024036283, 38.698771496565413 ], [ -9.341071695112689, 38.698761760096168 ], [ -9.341084170727092, 38.698747188440187 ], [ -9.341088551580288, 38.69873 ], [ -9.341084170727092, 38.698712811559808 ], [ -9.341071695112689, 38.698698239903827 ], [ -9.341053024036283, 38.698688503434582 ], [ -9.341031, 38.698685084441252 ], [ -9.341008975963716, 38.698688503434582 ], [ -9.34099030488731, 38.698698239903827 ], [ -9.340977829272907, 38.698712811559808 ], [ -9.34097344841971, 38.69873 ] ] ] ] } },
{ "type": "Feature", "properties": { "station_id": "4d69e3fe-cbbf-4d4b-95da-36fd9b8f34eb", "name": "Escola Sec. Fernando Lopes Graça, 2775-017 Parede, Portugal", "lat": 38.696642, "lon": -9.352958 }, "geometry": { "type": "MultiPolygon", "coordinates": [ [ [ [ -9.352911960079854, 38.696642 ], [ -9.352915464660098, 38.69665575075215 ], [ -9.35292544486026, 38.696667408076934 ], [ -9.352940381285332, 38.696675197252333 ], [ -9.352958, 38.696677932446995 ], [ -9.352975618714666, 38.696675197252333 ], [ -9.352990555139739, 38.696667408076934 ], [ -9.3530005353399, 38.69665575075215 ], [ -9.353004039920144, 38.696642 ], [ -9.3530005353399, 38.696628249247844 ], [ -9.352990555139739, 38.69661659192306 ], [ -9.352975618714666, 38.696608802747662 ], [ -9.352958, 38.696606067552999 ], [ -9.352940381285332, 38.696608802747662 ], [ -9.35292544486026, 38.69661659192306 ], [ -9.352915464660098, 38.696628249247844 ], [ -9.352911960079854, 38.696642 ] ] ] ] } },
{ "type": "Feature", "properties": { "station_id": "b1bd379a-ec3b-4965-afd9-b08b3afc17d0", "name": "R. de Alvide 1B, 2750-291 Cascais, Portugal", "lat": 38.70923440535153, "lon": -9.4210142820474072 }, "geometry": { "type": "MultiPolygon", "coordinates": [ [ [ [ -9.420968234019167, 38.70923440535153 ], [ -9.420971739216604, 38.709248156103683 ], [ -9.420981721174378, 38.709259813428467 ], [ -9.420996660229907, 38.709267602603866 ], [ -9.421014282047407, 38.709270337798529 ], [ -9.421031903864908, 38.709267602603866 ], [ -9.421046842920436, 38.709259813428467 ], [ -9.42105682487821, 38.709248156103683 ], [ -9.421060330075647, 38.70923440535153 ], [ -9.42105682487821, 38.709220654599378 ], [ -9.421046842920436, 38.709208997274594 ], [ -9.421031903864908, 38.709201208099195 ], [ -9.421014282047407, 38.709198472904532 ], [ -9.420996660229907, 38.709201208099195 ], [ -9.420981721174378, 38.709208997274594 ], [ -9.420971739216604, 38.709220654599378 ], [ -9.420968234019167, 38.70923440535153 ] ] ] ] } },
{ "type": "Feature", "properties": { "station_id": "6de28628-4e67-4518-ba14-39247c32b8cd", "name": "Casa da Guia, 2750-374 Cascais, Portugal", "lat": 38.695823537142054, "lon": -9.4414752473086114 }, "geometry": { "type": "MultiPolygon", "coordinates": [ [ [ [ -9.441360148825307, 38.695823537142054 ], [ -9.441368910175663, 38.695857914022433 ], [ -9.441393860390562, 38.695887057334403 ], [ -9.44143120102596, 38.695906530272893 ], [ -9.441475247308611, 38.695913368259554 ], [ -9.441519293591263, 38.695906530272893 ], [ -9.441556634226661, 38.695887057334403 ], [ -9.441581584441559, 38.695857914022433 ], [ -9.441590345791916, 38.695823537142054 ], [ -9.441581584441559, 38.695789160261675 ], [ -9.441556634226661, 38.695760016949706 ], [ -9.441519293591263, 38.695740544011215 ], [ -9.441475247308611, 38.695733706024555 ], [ -9.44143120102596, 38.695740544011215 ], [ -9.441393860390562, 38.695760016949706 ], [ -9.441368910175663, 38.695789160261675 ], [ -9.441360148825307, 38.695823537142054 ] ] ] ] } },
{ "type": "Feature", "properties": { "station_id": "94dd10ad-c922-4cea-a07b-3259a3a6b1e0", "name": "R. Bartolomeu Dias 10, 2775-551 Carcavelos, Portugal", "lat": 38.6848, "lon": -9.343181 }, "geometry": { "type": "MultiPolygon", "coordinates": [ [ [ [ -9.343123459625177, 38.6848 ], [ -9.343127839625408, 38.684817188440192 ], [ -9.343140312810771, 38.684831760096174 ], [ -9.343158980251863, 38.684841496565419 ], [ -9.343181, 38.684844915558749 ], [ -9.343203019748136, 38.684841496565419 ], [ -9.343221687189228, 38.684831760096174 ], [ -9.343234160374591, 38.684817188440192 ], [ -9.343238540374822, 38.6848 ], [ -9.343234160374591, 38.684782811559813 ], [ -9.343221687189228, 38.684768239903832 ], [ -9.343203019748136, 38.684758503434587 ], [ -9.343181, 38.684755084441257 ], [ -9.343158980251863, 38.684758503434587 ], [ -9.343140312810771, 38.684768239903832 ], [ -9.343127839625408, 38.684782811559813 ], [ -9.343123459625177, 38.6848 ] ] ] ] } },
{ "type": "Feature", "properties": { "station_id": "84917634-fd3c-4adc-bb95-6b1d7bf45e40", "name": "R. Vitorino Vaz 1A, 2765-589 Estoril, Portugal", "lat": 38.704826659712317, "lon": -9.4060066956652779 }, "geometry": { "type": "MultiPolygon", "coordinates": [ [ [ [ -9.405960650475709, 38.704826659712317 ], [ -9.405964155457065, 38.70484041046447 ], [ -9.405974136799493, 38.704852067789254 ], [ -9.405989074934089, 38.704859856964653 ], [ -9.406006695665278, 38.704862592159316 ], [ -9.406024316396467, 38.704859856964653 ], [ -9.406039254531063, 38.704852067789254 ], [ -9.406049235873491, 38.70484041046447 ], [ -9.406052740854847, 38.704826659712317 ], [ -9.406049235873491, 38.704812908960164 ], [ -9.406039254531063, 38.704801251635381 ], [ -9.406024316396467, 38.704793462459982 ], [ -9.406006695665278, 38.704790727265319 ], [ -9.405989074934089, 38.704793462459982 ], [ -9.405974136799493, 38.704801251635381 ], [ -9.405964155457065, 38.704812908960164 ], [ -9.405960650475709, 38.704826659712317 ] ] ] ] } },
{ "type": "Feature", "properties": { "station_id": "3b11335c-d966-455a-a8af-0a5cae8c96c6", "name": "Avenida Jardim-PQuinta Infant, 2775-352 Parede, Portugal", "lat": 38.695727847090929, "lon": -9.3661364791618986 }, "geometry": { "type": "MultiPolygon", "coordinates": [ [ [ [ -9.366078929997236, 38.695727847090929 ], [ -9.366083310666554, 38.695745035531118 ], [ -9.366095785757315, 38.6957596071871 ], [ -9.366114456050036, 38.695769343656345 ], [ -9.366136479161899, 38.695772762649675 ], [ -9.366158502273761, 38.695769343656345 ], [ -9.366177172566482, 38.6957596071871 ], [ -9.366189647657244, 38.695745035531118 ], [ -9.366194028326561, 38.695727847090929 ], [ -9.366189647657244, 38.695710658650739 ], [ -9.366177172566482, 38.695696086994758 ], [ -9.366158502273761, 38.695686350525513 ], [ -9.366136479161899, 38.695682931532183 ], [ -9.366114456050036, 38.695686350525513 ], [ -9.366095785757315, 38.695696086994758 ], [ -9.366083310666554, 38.695710658650739 ], [ -9.366078929997236, 38.695727847090929 ] ] ] ] } },
{ "type": "Feature", "properties": { "station_id": "e7677d14-415d-4fd7-a839-fd85e228c107", "name": "Rua Almei.Garrett-Lidl, 2785-632 São Domingos de Rana, Portugal", "lat": 38.714972, "lon": -9.344389 }, "geometry": { "type": "MultiPolygon", "coordinates": [ [ [ [ -9.344331435344634, 38.714972 ], [ -9.344335817193111, 38.714989188440192 ], [ -9.344348295641833, 38.715003760096174 ], [ -9.344366970960101, 38.715013496565419 ], [ -9.344389, 38.715016915558749 ], [ -9.344411029039899, 38.715013496565419 ], [ -9.344429704358166, 38.715003760096174 ], [ -9.344442182806889, 38.714989188440192 ], [ -9.344446564655366, 38.714972 ], [ -9.344442182806889, 38.714954811559814 ], [ -9.344429704358166, 38.714940239903832 ], [ -9.344411029039899, 38.714930503434587 ], [ -9.344389, 38.714927084441257 ], [ -9.344366970960101, 38.714930503434587 ], [ -9.344348295641833, 38.714940239903832 ], [ -9.344335817193111, 38.714954811559814 ], [ -9.344331435344634, 38.714972 ] ] ] ] } },
{ "type": "Feature", "properties": { "station_id": "d0dd436f-36ae-4e4c-8fa9-6d0f74d6ae05", "name": "Lidl Rebelva, 2775-326 Parede, Portugal", "lat": 38.695583, "lon": -9.34275 }, "geometry": { "type": "MultiPolygon", "coordinates": [ [ [ [ -9.342692450951878, 38.695583 ], [ -9.342696831612324, 38.695600188440189 ], [ -9.342709306677822, 38.69561476009617 ], [ -9.342727976932736, 38.695624496565415 ], [ -9.34275, 38.695627915558745 ], [ -9.342772023067266, 38.695624496565415 ], [ -9.342790693322179, 38.69561476009617 ], [ -9.342803168387677, 38.695600188440189 ], [ -9.342807549048123, 38.695583 ], [ -9.342803168387677, 38.69556581155981 ], [ -9.342790693322179, 38.695551239903828 ], [ -9.342772023067266, 38.695541503434583 ], [ -9.34275, 38.695538084441253 ], [ -9.342727976932736, 38.695541503434583 ], [ -9.342709306677822, 38.695551239903828 ], [ -9.342696831612324, 38.69556581155981 ], [ -9.342692450951878, 38.695583 ] ] ] ] } },
{ "type": "Feature", "properties": { "station_id": "be9ae4bf-ba29-47c8-a636-00377b2ed7da", "name": "R. Alfândega Velha 35, 2775 Carcavelos, Portugal", "lat": 38.686801384869057, "lon": -9.326416098197754 }, "geometry": { "type": "MultiPolygon", "coordinates": [ [ [ [ -9.326370064610327, 38.686801384869057 ], [ -9.326373568708522, 38.68681513562121 ], [ -9.326383547535922, 38.686826792945993 ], [ -9.326398481906514, 38.686834582121392 ], [ -9.326416098197754, 38.686837317316055 ], [ -9.326433714488994, 38.686834582121392 ], [ -9.326448648859586, 38.686826792945993 ], [ -9.326458627686986, 38.68681513562121 ], [ -9.326462131785181, 38.686801384869057 ], [ -9.326458627686986, 38.686787634116904 ], [ -9.326448648859586, 38.68677597679212 ], [ -9.326433714488994, 38.686768187616721 ], [ -9.326416098197754, 38.686765452422058 ], [ -9.326398481906514, 38.686768187616721 ], [ -9.326383547535922, 38.68677597679212 ], [ -9.326373568708522, 38.686787634116904 ], [ -9.326370064610327, 38.686801384869057 ] ] ] ] } },
{ "type": "Feature", "properties": { "station_id": "e65dfb3b-6a80-4b12-a786-90ca2349ef2b", "name": "Estr da Torre Fte 1, 2775 Carcavelos, Portugal", "lat": 38.685554031277739, "lon": -9.3309489361570908 }, "geometry": { "type": "MultiPolygon", "coordinates": [ [ [ [ -9.330891395175916, 38.685554031277739 ], [ -9.330895775222302, 38.685571219717929 ], [ -9.330908248539107, 38.68558579137391 ], [ -9.330926916176914, 38.685595527843155 ], [ -9.330948936157091, 38.685598946836485 ], [ -9.330970956137268, 38.685595527843155 ], [ -9.330989623775075, 38.68558579137391 ], [ -9.331002097091879, 38.685571219717929 ], [ -9.331006477138265, 38.685554031277739 ], [ -9.331002097091879, 38.68553684283755 ], [ -9.330989623775075, 38.685522271181568 ], [ -9.330970956137268, 38.685512534712323 ], [ -9.330948936157091, 38.685509115718993 ], [ -9.330926916176914, 38.685512534712323 ], [ -9.330908248539107, 38.685522271181568 ], [ -9.330895775222302, 38.68553684283755 ], [ -9.330891395175916, 38.685554031277739 ] ] ] ] } },
{ "type": "Feature", "properties": { "station_id": "3de55c0f-4ff0-41fd-b3eb-7e8a1c396a64", "name": "Praça Dr. Manuel Rebello de Andrade 2, 2775-688 Carcavelos, Portugal", "lat": 38.689095687808987, "lon": -9.3322063159560198 }, "geometry": { "type": "MultiPolygon", "coordinates": [ [ [ [ -9.33216028089242, 38.689095687808987 ], [ -9.332163785102983, 38.68910943856114 ], [ -9.332173764250376, 38.689121095885923 ], [ -9.332188699099872, 38.689128885061322 ], [ -9.33220631595602, 38.689131620255985 ], [ -9.332223932812168, 38.689128885061322 ], [ -9.332238867661664, 38.689121095885923 ], [ -9.332248846809057, 38.68910943856114 ], [ -9.332252351019619, 38.689095687808987 ], [ -9.332248846809057, 38.689081937056834 ], [ -9.332238867661664, 38.68907027973205 ], [ -9.332223932812168, 38.689062490556651 ], [ -9.33220631595602, 38.689059755361988 ], [ -9.332188699099872, 38.689062490556651 ], [ -9.332173764250376, 38.68907027973205 ], [ -9.332163785102983, 38.689081937056834 ], [ -9.33216028089242, 38.689095687808987 ] ] ] ] } },
{ "type": "Feature", "properties": { "station_id": "b59af27d-e834-4906-b2b1-6d66b53ad438", "name": "Colónia Infantil da Educação Popular, Av. Marginal 6799, 2765-587 Estoril, Portugal", "lat": 38.702462, "lon": -9.39197 }, "geometry": { "type": "MultiPolygon", "coordinates": [ [ [ [ -9.391912445416326, 38.702462 ], [ -9.391916826498141, 38.702479188440186 ], [ -9.391929302763595, 38.702493760096168 ], [ -9.391947974814371, 38.702503496565413 ], [ -9.39197, 38.702506915558743 ], [ -9.39199202518563, 38.702503496565413 ], [ -9.392010697236406, 38.702493760096168 ], [ -9.39202317350186, 38.702479188440186 ], [ -9.392027554583676, 38.702462 ], [ -9.39202317350186, 38.702444811559808 ], [ -9.392010697236406, 38.702430239903826 ], [ -9.39199202518563, 38.702420503434581 ], [ -9.39197, 38.702417084441251 ], [ -9.391947974814371, 38.702420503434581 ], [ -9.391929302763595, 38.702430239903826 ], [ -9.391916826498141, 38.702444811559808 ], [ -9.391912445416326, 38.702462 ] ] ] ] } },
{ "type": "Feature", "properties": { "station_id": "5194ab51-3438-4663-b94a-a274847bc31c", "name": "R. Mouzinho de Albuquerque 149a, 2785-543 São Domingos de Rana, Portugal", "lat": 38.726311247129587, "lon": -9.3307313944356096 }, "geometry": { "type": "MultiPolygon", "coordinates": [ [ [ [ -9.330685335403679, 38.726311247129587 ], [ -9.330688841438722, 38.72632499788174 ], [ -9.330698825781797, 38.726336655206524 ], [ -9.330713768407179, 38.726344444381922 ], [ -9.33073139443561, 38.726347179576585 ], [ -9.33074902046404, 38.726344444381922 ], [ -9.330763963089423, 38.726336655206524 ], [ -9.330773947432498, 38.72632499788174 ], [ -9.33077745346754, 38.726311247129587 ], [ -9.330773947432498, 38.726297496377434 ], [ -9.330763963089423, 38.72628583905265 ], [ -9.33074902046404, 38.726278049877251 ], [ -9.33073139443561, 38.726275314682589 ], [ -9.330713768407179, 38.726278049877251 ], [ -9.330698825781797, 38.72628583905265 ], [ -9.330688841438722, 38.726297496377434 ], [ -9.330685335403679, 38.726311247129587 ] ] ] ] } },
{ "type": "Feature", "properties": { "station_id": "909e1afb-bb27-417e-b657-cf5960d08d21", "name": "R. República 10, 2765-518 Estoril, Portugal", "lat": 38.696037375800159, "lon": -9.3734297213428448 }, "geometry": { "type": "MultiPolygon", "coordinates": [ [ [ [ -9.373383681811884, 38.696037375800159 ], [ -9.373387186362503, 38.696051126552312 ], [ -9.3733971664783, 38.696062783877096 ], [ -9.373412102777111, 38.696070573052495 ], [ -9.373429721342845, 38.696073308247158 ], [ -9.373447339908578, 38.696070573052495 ], [ -9.373462276207389, 38.696062783877096 ], [ -9.373472256323186, 38.696051126552312 ], [ -9.373475760873806, 38.696037375800159 ], [ -9.373472256323186, 38.696023625048007 ], [ -9.373462276207389, 38.696011967723223 ], [ -9.373447339908578, 38.696004178547824 ], [ -9.373429721342845, 38.696001443353161 ], [ -9.373412102777111, 38.696004178547824 ], [ -9.3733971664783, 38.696011967723223 ], [ -9.373387186362503, 38.696023625048007 ], [ -9.373383681811884, 38.696037375800159 ] ] ] ] } },
{ "type": "Feature", "properties": { "station_id": "f4df2040-8d0f-453e-93b7-84d0bc6f29c8", "name": "R. Cidade de Guarajá 15, 2750 Cascais, Portugal", "lat": 38.712432316897626, "lon": -9.4198585869778722 }, "geometry": { "type": "MultiPolygon", "coordinates": [ [ [ [ -9.419812536889726, 38.712432316897626 ], [ -9.419816042243964, 38.712446067649779 ], [ -9.41982602464827, 38.712457724974563 ], [ -9.41984096437208, 38.712465514149962 ], [ -9.419858586977872, 38.712468249344624 ], [ -9.419876209583665, 38.712465514149962 ], [ -9.419891149307475, 38.712457724974563 ], [ -9.41990113171178, 38.712446067649779 ], [ -9.419904637066018, 38.712432316897626 ], [ -9.41990113171178, 38.712418566145473 ], [ -9.419891149307475, 38.712406908820689 ], [ -9.419876209583665, 38.712399119645291 ], [ -9.419858586977872, 38.712396384450628 ], [ -9.41984096437208, 38.712399119645291 ], [ -9.41982602464827, 38.712406908820689 ], [ -9.419816042243964, 38.712418566145473 ], [ -9.419812536889726, 38.712432316897626 ] ] ] ] } },
{ "type": "Feature", "properties": { "station_id": "3756cab4-66fc-4fc2-a481-dd8ca919bdaa", "name": "Rua Jayme Thomp.frent.Estrada Esc, 2750-642 Cascais, Portugal", "lat": 38.70139840876287, "lon": -9.4295071096983651 }, "geometry": { "type": "MultiPolygon", "coordinates": [ [ [ [ -9.429461066716224, 38.70139840876287 ], [ -9.429464571529548, 38.701412159515023 ], [ -9.429474552393467, 38.701423816839807 ], [ -9.429489489811923, 38.701431606015205 ], [ -9.429507109698365, 38.701434341209868 ], [ -9.429524729584807, 38.701431606015205 ], [ -9.429539667003263, 38.701423816839807 ], [ -9.429549647867182, 38.701412159515023 ], [ -9.429553152680507, 38.70139840876287 ], [ -9.429549647867182, 38.701384658010717 ], [ -9.429539667003263, 38.701373000685933 ], [ -9.429524729584807, 38.701365211510534 ], [ -9.429507109698365, 38.701362476315872 ], [ -9.429489489811923, 38.701365211510534 ], [ -9.429474552393467, 38.701373000685933 ], [ -9.429464571529548, 38.701384658010717 ], [ -9.429461066716224, 38.70139840876287 ] ] ] ] } },
{ "type": "Feature", "properties": { "station_id": "971e4fe7-4f12-4219-be1e-53d698d063db", "name": "R. do Tejo 15, 2775-241 Parede, Portugal", "lat": 38.692815929844905, "lon": -9.3442360572261425 }, "geometry": { "type": "MultiPolygon", "coordinates": [ [ [ [ -9.344190019768552, 38.692815929844905 ], [ -9.344193524161346, 38.692829680597058 ], [ -9.344203503827693, 38.692841337921841 ], [ -9.344218439453854, 38.69284912709724 ], [ -9.344236057226142, 38.692851862291903 ], [ -9.344253674998431, 38.69284912709724 ], [ -9.344268610624592, 38.692841337921841 ], [ -9.344278590290939, 38.692829680597058 ], [ -9.344282094683733, 38.692815929844905 ], [ -9.344278590290939, 38.692802179092752 ], [ -9.344268610624592, 38.692790521767968 ], [ -9.344253674998431, 38.692782732592569 ], [ -9.344236057226142, 38.692779997397906 ], [ -9.344218439453854, 38.692782732592569 ], [ -9.344203503827693, 38.692790521767968 ], [ -9.344193524161346, 38.692802179092752 ], [ -9.344190019768552, 38.692815929844905 ] ] ] ] } },
{ "type": "Feature", "properties": { "station_id": "86caa8f4-2338-441a-a11a-c4760116874c", "name": "R. Missionários do Espírito Santo 4, 2775-511 Carcavelos, Portugal", "lat": 38.702440112325121, "lon": -9.3248828786347779 }, "geometry": { "type": "MultiPolygon", "coordinates": [ [ [ [ -9.324825324068719, 38.702440112325121 ], [ -9.324829705149194, 38.70245730076531 ], [ -9.32484218141083, 38.702471872421292 ], [ -9.32486085345589, 38.702481608890537 ], [ -9.324882878634778, 38.702485027883867 ], [ -9.324904903813666, 38.702481608890537 ], [ -9.324923575858726, 38.702471872421292 ], [ -9.324936052120362, 38.70245730076531 ], [ -9.324940433200837, 38.702440112325121 ], [ -9.324936052120362, 38.702422923884932 ], [ -9.324923575858726, 38.70240835222895 ], [ -9.324904903813666, 38.702398615759705 ], [ -9.324882878634778, 38.702395196766375 ], [ -9.32486085345589, 38.702398615759705 ], [ -9.32484218141083, 38.70240835222895 ], [ -9.324829705149194, 38.702422923884932 ], [ -9.324825324068719, 38.702440112325121 ] ] ] ] } },
{ "type": "Feature", "properties": { "station_id": "a910ca5e-0888-48eb-bd64-6359f66057de", "name": "Av. Júlio Dantas 85b, São Domingos de Rana, Portugal", "lat": 38.713689551550615, "lon": -9.3552730938194539 }, "geometry": { "type": "MultiPolygon", "coordinates": [ [ [ [ -9.355227042921381, 38.713689551550615 ], [ -9.355230548337271, 38.713703302302768 ], [ -9.355240530917147, 38.713714959627552 ], [ -9.355255470903716, 38.713722748802951 ], [ -9.355273093819454, 38.713725483997614 ], [ -9.355290716735192, 38.713722748802951 ], [ -9.355305656721761, 38.713714959627552 ], [ -9.355315639301637, 38.713703302302768 ], [ -9.355319144717527, 38.713689551550615 ], [ -9.355315639301637, 38.713675800798462 ], [ -9.355305656721761, 38.713664143473679 ], [ -9.355290716735192, 38.71365635429828 ], [ -9.355273093819454, 38.713653619103617 ], [ -9.355255470903716, 38.71365635429828 ], [ -9.355240530917147, 38.713664143473679 ], [ -9.355230548337271, 38.713675800798462 ], [ -9.355227042921381, 38.713689551550615 ] ] ] ] } },
{ "type": "Feature", "properties": { "station_id": "e9f54a60-f78d-46a9-92eb-edbcdfb08b3f", "name": "Parada Bus Cascais, Portugal, Alameda Combatentes da Grande Guerra 33, 2750-642 Cascais, Portugal", "lat": 38.6975, "lon": -9.4196 }, "geometry": { "type": "MultiPolygon", "coordinates": [ [ [ [ -9.419542449409454, 38.6975 ], [ -9.41954683018731, 38.697517188440202 ], [ -9.419559305587164, 38.697531760096183 ], [ -9.419577976342477, 38.697541496565428 ], [ -9.4196, 38.697544915558758 ], [ -9.419622023657528, 38.697541496565428 ], [ -9.419640694412841, 38.697531760096183 ], [ -9.419653169812696, 38.697517188440202 ], [ -9.419657550590552, 38.6975 ], [ -9.419653169812696, 38.697482811559823 ], [ -9.419640694412841, 38.697468239903841 ], [ -9.419622023657528, 38.697458503434596 ], [ -9.4196, 38.697455084441266 ], [ -9.419577976342477, 38.697458503434596 ], [ -9.419559305587164, 38.697468239903841 ], [ -9.41954683018731, 38.697482811559823 ], [ -9.419542449409454, 38.6975 ] ] ] ] } },
{ "type": "Feature", "properties": { "station_id": "8c237055-8d7d-4094-845d-2cfa1f35272a", "name": "R. dos Lusíadas 353, 2775 Carcavelos, Portugal", "lat": 38.702643548925103, "lon": -9.3299864324337332 }, "geometry": { "type": "MultiPolygon", "coordinates": [ [ [ [ -9.329940388649899, 38.702643548925103 ], [ -9.329943893524248, 38.702657299677256 ], [ -9.329953874561951, 38.702668957002039 ], [ -9.329968812240496, 38.702676746177438 ], [ -9.329986432433733, 38.702679481372101 ], [ -9.33000405262697, 38.702676746177438 ], [ -9.330018990305515, 38.702668957002039 ], [ -9.330028971343218, 38.702657299677256 ], [ -9.330032476217568, 38.702643548925103 ], [ -9.330028971343218, 38.70262979817295 ], [ -9.330018990305515, 38.702618140848166 ], [ -9.33000405262697, 38.702610351672767 ], [ -9.329986432433733, 38.702607616478105 ], [ -9.329968812240496, 38.702610351672767 ], [ -9.329953874561951, 38.702618140848166 ], [ -9.329943893524248, 38.70262979817295 ], [ -9.329940388649899, 38.702643548925103 ] ] ] ] } },
{ "type": "Feature", "properties": { "station_id": "eee8b584-7603-41ec-a180-e585764b5145", "name": "R. Frei Agostinho de Santa Maria 73, 2785-306 São Domingos de Rana, Portugal", "lat": 38.729986071760329, "lon": -9.324824260781746 }, "geometry": { "type": "MultiPolygon", "coordinates": [ [ [ [ -9.324766684030402, 38.729986071760329 ], [ -9.324771066799631, 38.730003260200519 ], [ -9.324783547870432, 38.7300178318565 ], [ -9.324802227112917, 38.730027568325745 ], [ -9.324824260781746, 38.730030987319076 ], [ -9.324846294450575, 38.730027568325745 ], [ -9.32486497369306, 38.7300178318565 ], [ -9.324877454763861, 38.730003260200519 ], [ -9.32488183753309, 38.729986071760329 ], [ -9.324877454763861, 38.72996888332014 ], [ -9.32486497369306, 38.729954311664159 ], [ -9.324846294450575, 38.729944575194914 ], [ -9.324824260781746, 38.729941156201583 ], [ -9.324802227112917, 38.729944575194914 ], [ -9.324783547870432, 38.729954311664159 ], [ -9.324771066799631, 38.72996888332014 ], [ -9.324766684030402, 38.729986071760329 ] ] ] ] } },
{ "type": "Feature", "properties": { "station_id": "6a64e1bd-453f-46ac-9301-a806bbd15398", "name": "Praceta dos Pinheiros, 2750-762 Cascais, Portugal", "lat": 38.70051358746197, "lon": -9.4449273205495246 }, "geometry": { "type": "MultiPolygon", "coordinates": [ [ [ [ -9.444869767533936, 38.70051358746197 ], [ -9.444874148496387, 38.700530775902159 ], [ -9.444886624421924, 38.70054534755814 ], [ -9.444905295963975, 38.700555084027386 ], [ -9.444927320549525, 38.700558503020716 ], [ -9.444949345135074, 38.700555084027386 ], [ -9.444968016677125, 38.70054534755814 ], [ -9.444980492602662, 38.700530775902159 ], [ -9.444984873565113, 38.70051358746197 ], [ -9.444980492602662, 38.70049639902178 ], [ -9.444968016677125, 38.700481827365799 ], [ -9.444949345135074, 38.700472090896554 ], [ -9.444927320549525, 38.700468671903224 ], [ -9.444905295963975, 38.700472090896554 ], [ -9.444886624421924, 38.700481827365799 ], [ -9.444874148496387, 38.70049639902178 ], [ -9.444869767533936, 38.70051358746197 ] ] ] ] } },
{ "type": "Feature", "properties": { "station_id": "ac8b0bc5-2c51-4d47-8673-fa1b47b2e996", "name": "Qta Bela Vista, R. Ilha Terceira 272A, 2775-796 Carcavelos, Portugal", "lat": 38.699028484532121, "lon": -9.3225102653435901 }, "geometry": { "type": "MultiPolygon", "coordinates": [ [ [ [ -9.322452713523113, 38.699028484532121 ], [ -9.322457094394592, 38.699045672972311 ], [ -9.322469570061061, 38.699060244628292 ], [ -9.322488241215391, 38.699069981097537 ], [ -9.32251026534359, 38.699073400090867 ], [ -9.322532289471789, 38.699069981097537 ], [ -9.322550960626119, 38.699060244628292 ], [ -9.322563436292588, 38.699045672972311 ], [ -9.322567817164067, 38.699028484532121 ], [ -9.322563436292588, 38.699011296091932 ], [ -9.322550960626119, 38.698996724435951 ], [ -9.322532289471789, 38.698986987966705 ], [ -9.32251026534359, 38.698983568973375 ], [ -9.322488241215391, 38.698986987966705 ], [ -9.322469570061061, 38.698996724435951 ], [ -9.322457094394592, 38.699011296091932 ], [ -9.322452713523113, 38.699028484532121 ] ] ] ] } },
{ "type": "Feature", "properties": { "station_id": "503df15a-630f-4be8-ada1-df68b68912c5", "name": "Rua AreiaXEstrada F.Velha, 2750-642 Cascais, Portugal", "lat": 38.726945013285125, "lon": -9.4684144966948978 }, "geometry": { "type": "MultiPolygon", "coordinates": [ [ [ [ -9.468356922394292, 38.726945013285118 ], [ -9.46836130497697, 38.726962201725307 ], [ -9.468373785516519, 38.726976773381288 ], [ -9.468392463963927, 38.726986509850533 ], [ -9.4684144966949, 38.726989928843864 ], [ -9.468436529425873, 38.726986509850533 ], [ -9.46845520787328, 38.726976773381288 ], [ -9.468467688412829, 38.726962201725307 ], [ -9.468472070995507, 38.726945013285118 ], [ -9.468467688412829, 38.726927824844928 ], [ -9.46845520787328, 38.726913253188947 ], [ -9.468436529425873, 38.726903516719702 ], [ -9.4684144966949, 38.726900097726372 ], [ -9.468392463963927, 38.726903516719702 ], [ -9.468373785516519, 38.726913253188947 ], [ -9.46836130497697, 38.726927824844928 ], [ -9.468356922394292, 38.726945013285118 ] ] ] ] } },
{ "type": "Feature", "properties": { "station_id": "b72e8a09-a1f5-4442-bdfb-43abe6fd5b96", "name": "Av. Espanha 35, 2775-405 Carcavelos, Portugal", "lat": 38.680917102267337, "lon": -9.3236089656659598 }, "geometry": { "type": "MultiPolygon", "coordinates": [ [ [ [ -9.323551428413205, 38.680917102267337 ], [ -9.323555808175783, 38.680934290707526 ], [ -9.323568280684366, 38.680948862363508 ], [ -9.323586947112586, 38.680958598832753 ], [ -9.32360896566596, 38.680962017826083 ], [ -9.323630984219333, 38.680958598832753 ], [ -9.323649650647553, 38.680948862363508 ], [ -9.323662123156137, 38.680934290707526 ], [ -9.323666502918714, 38.680917102267337 ], [ -9.323662123156137, 38.680899913827147 ], [ -9.323649650647553, 38.680885342171166 ], [ -9.323630984219333, 38.680875605701921 ], [ -9.32360896566596, 38.680872186708591 ], [ -9.323586947112586, 38.680875605701921 ], [ -9.323568280684366, 38.680885342171166 ], [ -9.323555808175783, 38.680899913827147 ], [ -9.323551428413205, 38.680917102267337 ] ] ] ] } },
{ "type": "Feature", "properties": { "station_id": "15c26103-6033-4bfd-88a1-7c60c1869754", "name": "Largo São Vicente 12, 2645-030 Alcabideche, Portugal", "lat": 38.730109956600266, "lon": -9.4079444364162992 }, "geometry": { "type": "MultiPolygon", "coordinates": [ [ [ [ -9.40788685956511, 38.730109956600266 ], [ -9.40789124234194, 38.730127145040456 ], [ -9.407903723434384, 38.730141716696437 ], [ -9.407922402709261, 38.730151453165682 ], [ -9.407944436416299, 38.730154872159012 ], [ -9.407966470123338, 38.730151453165682 ], [ -9.407985149398215, 38.730141716696437 ], [ -9.407997630490659, 38.730127145040456 ], [ -9.408002013267488, 38.730109956600266 ], [ -9.407997630490659, 38.730092768160077 ], [ -9.407985149398215, 38.730078196504095 ], [ -9.407966470123338, 38.73006846003485 ], [ -9.407944436416299, 38.73006504104152 ], [ -9.407922402709261, 38.73006846003485 ], [ -9.407903723434384, 38.730078196504095 ], [ -9.40789124234194, 38.730092768160077 ], [ -9.40788685956511, 38.730109956600266 ] ] ] ] } },
{ "type": "Feature", "properties": { "station_id": "e59ddb31-1d7c-4299-8976-340e9b4209ea", "name": "R. Guilherme Gomes Fernandes 68, 2645-048 Alcabideche, Portugal", "lat": 38.731166925247187, "lon": -9.4096370721829814 }, "geometry": { "type": "MultiPolygon", "coordinates": [ [ [ [ -9.409579494479908, 38.731166925247187 ], [ -9.409583877321584, 38.731184113687377 ], [ -9.409596358598693, 38.731198685343358 ], [ -9.409615038149942, 38.731208421812603 ], [ -9.409637072182981, 38.731211840805933 ], [ -9.40965910621602, 38.731208421812603 ], [ -9.40967778576727, 38.731198685343358 ], [ -9.409690267044379, 38.731184113687377 ], [ -9.409694649886054, 38.731166925247187 ], [ -9.409690267044379, 38.731149736806998 ], [ -9.40967778576727, 38.731135165151017 ], [ -9.40965910621602, 38.731125428681771 ], [ -9.409637072182981, 38.731122009688441 ], [ -9.409615038149942, 38.731125428681771 ], [ -9.409596358598693, 38.731135165151017 ], [ -9.409583877321584, 38.731149736806998 ], [ -9.409579494479908, 38.731166925247187 ] ] ] ] } },
{ "type": "Feature", "properties": { "station_id": "0808dee5-e6fa-4acd-ada9-4d35449182bf", "name": "Av. Comunidades Europeias 63, 2750-642 Cascais, Portugal", "lat": 38.705969893288838, "lon": -9.429050696213098 }, "geometry": { "type": "MultiPolygon", "coordinates": [ [ [ [ -9.428993138805881, 38.705969893288838 ], [ -9.428997520102625, 38.705987081729027 ], [ -9.429009996980147, 38.706001653385009 ], [ -9.429028669946947, 38.706011389854254 ], [ -9.429050696213098, 38.706014808847584 ], [ -9.429072722479249, 38.706011389854254 ], [ -9.429091395446049, 38.706001653385009 ], [ -9.429103872323571, 38.705987081729027 ], [ -9.429108253620315, 38.705969893288838 ], [ -9.429103872323571, 38.705952704848649 ], [ -9.429091395446049, 38.705938133192667 ], [ -9.429072722479249, 38.705928396723422 ], [ -9.429050696213098, 38.705924977730092 ], [ -9.429028669946947, 38.705928396723422 ], [ -9.429009996980147, 38.705938133192667 ], [ -9.428997520102625, 38.705952704848649 ], [ -9.428993138805881, 38.705969893288838 ] ] ] ] } },
{ "type": "Feature", "properties": { "station_id": "f0a92698-6bef-42b7-aa1c-9e993c5235da", "name": "R. 5 de Outubro 213, 2775-562 Carcavelos, Portugal", "lat": 38.689727798235559, "lon": -9.3353611002064198 }, "geometry": { "type": "MultiPolygon", "coordinates": [ [ [ [ -9.335303555868503, 38.689727798235559 ], [ -9.335307936170407, 38.689744986675748 ], [ -9.335320410214861, 38.68975955833173 ], [ -9.335339078941672, 38.689769294800975 ], [ -9.33536110020642, 38.689772713794305 ], [ -9.335383121471168, 38.689769294800975 ], [ -9.335401790197979, 38.68975955833173 ], [ -9.335414264242432, 38.689744986675748 ], [ -9.335418644544337, 38.689727798235559 ], [ -9.335414264242432, 38.68971060979537 ], [ -9.335401790197979, 38.689696038139388 ], [ -9.335383121471168, 38.689686301670143 ], [ -9.33536110020642, 38.689682882676813 ], [ -9.335339078941672, 38.689686301670143 ], [ -9.335320410214861, 38.689696038139388 ], [ -9.335307936170407, 38.68971060979537 ], [ -9.335303555868503, 38.689727798235559 ] ] ] ] } },
{ "type": "Feature", "properties": { "station_id": "77766f9b-74f7-412b-a82b-11b0781941be", "name": "R. Dom José de Avilez 1 bloco A 4B, 2750-398 Cascais, Portugal", "lat": 38.694690644140316, "lon": -9.4282750980443044 }, "geometry": { "type": "MultiPolygon", "coordinates": [ [ [ [ -9.428229059380159, 38.694690644140316 ], [ -9.428232563864796, 38.694704394892469 ], [ -9.42824254379269, 38.694716052217252 ], [ -9.428257479810288, 38.694723841392651 ], [ -9.428275098044304, 38.694726576587314 ], [ -9.428292716278321, 38.694723841392651 ], [ -9.428307652295919, 38.694716052217252 ], [ -9.428317632223813, 38.694704394892469 ], [ -9.428321136708449, 38.694690644140316 ], [ -9.428317632223813, 38.694676893388163 ], [ -9.428307652295919, 38.694665236063379 ], [ -9.428292716278321, 38.69465744688798 ], [ -9.428275098044304, 38.694654711693317 ], [ -9.428257479810288, 38.69465744688798 ], [ -9.42824254379269, 38.694665236063379 ], [ -9.428232563864796, 38.694676893388163 ], [ -9.428229059380159, 38.694690644140316 ] ] ] ] } },
{ "type": "Feature", "properties": { "station_id": "277e525a-b346-4b29-8686-4a1fa0795357", "name": "Praceta Dom João I 57A, 2785-379 São Domingos de Rana, Portugal", "lat": 38.712409016259734, "lon": -9.3641945030006948 }, "geometry": { "type": "MultiPolygon", "coordinates": [ [ [ [ -9.364148452927559, 38.712409016259734 ], [ -9.364151958280654, 38.712422767011887 ], [ -9.364161940681706, 38.712434424336671 ], [ -9.364176880400647, 38.71244221351207 ], [ -9.364194503000695, 38.712444948706732 ], [ -9.364212125600742, 38.71244221351207 ], [ -9.364227065319684, 38.712434424336671 ], [ -9.364237047720735, 38.712422767011887 ], [ -9.364240553073831, 38.712409016259734 ], [ -9.364237047720735, 38.712395265507581 ], [ -9.364227065319684, 38.712383608182797 ], [ -9.364212125600742, 38.712375819007399 ], [ -9.364194503000695, 38.712373083812736 ], [ -9.364176880400647, 38.712375819007399 ], [ -9.364161940681706, 38.712383608182797 ], [ -9.364151958280654, 38.712395265507581 ], [ -9.364148452927559, 38.712409016259734 ] ] ] ] } },
{ "type": "Feature", "properties": { "station_id": "48983cc2-c53d-4978-95ed-e6003b1e846b", "name": "Escola Sec. Alvide, 2755-062 Alcabideche, Portugal", "lat": 38.717557701546944, "lon": -9.424089852158593 }, "geometry": { "type": "MultiPolygon", "coordinates": [ [ [ [ -9.424043798768293, 38.717557701546944 ], [ -9.424047304373893, 38.717571452299097 ], [ -9.424057287494016, 38.717583109623881 ], [ -9.424072228289122, 38.71759089879928 ], [ -9.424089852158593, 38.717593633993943 ], [ -9.424107476028064, 38.71759089879928 ], [ -9.42412241682317, 38.717583109623881 ], [ -9.424132399943293, 38.717571452299097 ], [ -9.424135905548892, 38.717557701546944 ], [ -9.424132399943293, 38.717543950794791 ], [ -9.42412241682317, 38.717532293470008 ], [ -9.424107476028064, 38.717524504294609 ], [ -9.424089852158593, 38.717521769099946 ], [ -9.424072228289122, 38.717524504294609 ], [ -9.424057287494016, 38.717532293470008 ], [ -9.424047304373893, 38.717543950794791 ], [ -9.424043798768293, 38.717557701546944 ] ] ] ] } },
{ "type": "Feature", "properties": { "station_id": "521fe160-487a-47b7-8c22-cba8522b233e", "name": "R. António Jacinto da Silva 8, 2645-543 Alcabideche, Portugal", "lat": 38.735719492484158, "lon": -9.4038520616070311 }, "geometry": { "type": "MultiPolygon", "coordinates": [ [ [ [ -9.403805996508778, 38.735719492484158 ], [ -9.403809503005592, 38.735733243236311 ], [ -9.403819488663681, 38.735744900561095 ], [ -9.403834433257119, 38.735752689736493 ], [ -9.403852061607031, 38.735755424931156 ], [ -9.403869689956943, 38.735752689736493 ], [ -9.403884634550382, 38.735744900561095 ], [ -9.403894620208471, 38.735733243236311 ], [ -9.403898126705284, 38.735719492484158 ], [ -9.403894620208471, 38.735705741732005 ], [ -9.403884634550382, 38.735694084407221 ], [ -9.403869689956943, 38.735686295231822 ], [ -9.403852061607031, 38.73568356003716 ], [ -9.403834433257119, 38.735686295231822 ], [ -9.403819488663681, 38.735694084407221 ], [ -9.403809503005592, 38.735705741732005 ], [ -9.403805996508778, 38.735719492484158 ] ] ] ] } },
{ "type": "Feature", "properties": { "station_id": "e8f54581-81f9-4242-a98a-494547b7e462", "name": "R. Bartolomeu de Gusmão 118, 2785-269 São Domingos de Rana, Portugal", "lat": 38.724804454144603, "lon": -9.3595763170932909 }, "geometry": { "type": "MultiPolygon", "coordinates": [ [ [ [ -9.359530259032658, 38.724804454144603 ], [ -9.359533764993765, 38.724818204896756 ], [ -9.359543749126289, 38.72482986222154 ], [ -9.359558691436559, 38.724837651396939 ], [ -9.359576317093291, 38.724840386591602 ], [ -9.359593942750022, 38.724837651396939 ], [ -9.359608885060293, 38.72482986222154 ], [ -9.359618869192817, 38.724818204896756 ], [ -9.359622375153924, 38.724804454144603 ], [ -9.359618869192817, 38.724790703392451 ], [ -9.359608885060293, 38.724779046067667 ], [ -9.359593942750022, 38.724771256892268 ], [ -9.359576317093291, 38.724768521697605 ], [ -9.359558691436559, 38.724771256892268 ], [ -9.359543749126289, 38.724779046067667 ], [ -9.359533764993765, 38.724790703392451 ], [ -9.359530259032658, 38.724804454144603 ] ] ] ] } },
{ "type": "Feature", "properties": { "station_id": "d4eeb692-7115-4d9a-9ddf-e31d10c4dab4", "name": "Rua de Gaza 108, 2775 Carcavelos, Portugal", "lat": 38.682184193557546, "lon": -9.3423777109525439 }, "geometry": { "type": "MultiPolygon", "coordinates": [ [ [ [ -9.342331680335343, 38.682184193557546 ], [ -9.342335184207444, 38.682197944309699 ], [ -9.342345162390979, 38.682209601634483 ], [ -9.342360095797959, 38.682217390809882 ], [ -9.342377710952544, 38.682220126004545 ], [ -9.342395326107129, 38.682217390809882 ], [ -9.342410259514109, 38.682209601634483 ], [ -9.342420237697644, 38.682197944309699 ], [ -9.342423741569744, 38.682184193557546 ], [ -9.342420237697644, 38.682170442805393 ], [ -9.342410259514109, 38.68215878548061 ], [ -9.342395326107129, 38.682150996305211 ], [ -9.342377710952544, 38.682148261110548 ], [ -9.342360095797959, 38.682150996305211 ], [ -9.342345162390979, 38.68215878548061 ], [ -9.342335184207444, 38.682170442805393 ], [ -9.342331680335343, 38.682184193557546 ] ] ] ] } },
{ "type": "Feature", "properties": { "station_id": "90500011-87d6-4829-bd29-f16ff3128396", "name": "Estr. Alapraia 8, 2765-048 Estoril, Portugal", "lat": 38.704685813936216, "lon": -9.3804960782952804 }, "geometry": { "type": "MultiPolygon", "coordinates": [ [ [ [ -9.380450033196409, 38.704685813936216 ], [ -9.38045353817086, 38.704699564688369 ], [ -9.380463519493627, 38.704711222013152 ], [ -9.3804784575988, 38.704719011188551 ], [ -9.38049607829528, 38.704721746383214 ], [ -9.380513698991761, 38.704719011188551 ], [ -9.380528637096933, 38.704711222013152 ], [ -9.380538618419701, 38.704699564688369 ], [ -9.380542123394152, 38.704685813936216 ], [ -9.380538618419701, 38.704672063184063 ], [ -9.380528637096933, 38.704660405859279 ], [ -9.380513698991761, 38.70465261668388 ], [ -9.38049607829528, 38.704649881489217 ], [ -9.3804784575988, 38.70465261668388 ], [ -9.380463519493627, 38.704660405859279 ], [ -9.38045353817086, 38.704672063184063 ], [ -9.380450033196409, 38.704685813936216 ] ] ] ] } },
{ "type": "Feature", "properties": { "station_id": "15d37edb-1907-4e9b-b37d-43af59adb302", "name": "R. Dra. Iracy Doyle 6, 2750-377 Cascais, Portugal", "lat": 38.700348513874445, "lon": -9.4199026760899436 }, "geometry": { "type": "MultiPolygon", "coordinates": [ [ [ [ -9.419787570324454, 38.700348513874445 ], [ -9.419796332229133, 38.700382890754824 ], [ -9.419821284022612, 38.700412034066794 ], [ -9.41985862702052, 38.700431507005284 ], [ -9.419902676089944, 38.700438344991944 ], [ -9.419946725159367, 38.700431507005284 ], [ -9.419984068157275, 38.700412034066794 ], [ -9.420009019950754, 38.700382890754824 ], [ -9.420017781855433, 38.700348513874445 ], [ -9.420009019950754, 38.700314136994066 ], [ -9.419984068157275, 38.700284993682097 ], [ -9.419946725159367, 38.700265520743606 ], [ -9.419902676089944, 38.700258682756946 ], [ -9.41985862702052, 38.700265520743606 ], [ -9.419821284022612, 38.700284993682097 ], [ -9.419796332229133, 38.700314136994066 ], [ -9.419787570324454, 38.700348513874445 ] ] ] ] } },
{ "type": "Feature", "properties": { "station_id": "75cffc6a-b062-4452-be78-5f30ed5f9ebb", "name": "Estrada Manique Ofic.CM, 2645-019 Alcabideche, Portugal", "lat": 38.736093214467076, "lon": -9.3863978430942812 }, "geometry": { "type": "MultiPolygon", "coordinates": [ [ [ [ -9.386351777754998, 38.736093214467076 ], [ -9.386355284270159, 38.736106965219228 ], [ -9.386365269980496, 38.736118622544012 ], [ -9.386380214652132, 38.736126411719411 ], [ -9.386397843094281, 38.736129146914074 ], [ -9.386415471536431, 38.736126411719411 ], [ -9.386430416208066, 38.736118622544012 ], [ -9.386440401918403, 38.736106965219228 ], [ -9.386443908433565, 38.736093214467076 ], [ -9.386440401918403, 38.736079463714923 ], [ -9.386430416208066, 38.736067806390139 ], [ -9.386415471536431, 38.73606001721474 ], [ -9.386397843094281, 38.736057282020077 ], [ -9.386380214652132, 38.73606001721474 ], [ -9.386365269980496, 38.736067806390139 ], [ -9.386355284270159, 38.736079463714923 ], [ -9.386351777754998, 38.736093214467076 ] ] ] ] } }
]
}
